year_week,category,sold_kg,wasted_kg,revenue,waste_cost,avg_temp_c,store_count
2024-W01,Baby,643.6,4.3,6231.1,23.25,1.2,10
2024-W01,Bakery,13123.4,2092.4,41503.05,3644.79,2.6,10
2024-W01,Beverages,6105.2,466.7,18733.9,739.96,2.6,10
2024-W01,Dairy,19381.0,3165.2,56071.72,4998.06,3.0,10
2024-W01,Deli,5968.5,898.3,25916.2,2088.15,2.5,10
2024-W01,Frozen,4096.4,32.3,15806.4,75.9,1.7,10
2024-W01,Fruits,15979.7,2515.4,47376.14,4158.49,2.4,10
2024-W01,Meat,11094.3,1787.9,70055.45,6156.57,2.4,10
2024-W01,Pantry,25232.4,351.3,60242.75,501.06,2.6,10
2024-W01,Seafood,3962.2,462.1,26229.6,2156.65,2.5,10
2024-W01,Snacks,6798.7,46.1,23008.0,88.9,2.7,10
2024-W01,Vegetables,31846.3,4876.6,63518.36,4980.33,2.6,10
2024-W02,Baby,608.0,4.8,5492.65,30.3,2.9,10
2024-W02,Bakery,11388.9,1678.9,36760.23,2926.16,3.1,10
2024-W02,Beverages,6155.9,502.0,17774.75,801.84,2.2,10
2024-W02,Dairy,24445.8,3640.6,68626.07,5719.29,2.6,10
2024-W02,Deli,6113.9,983.2,26131.93,2290.65,2.9,10
2024-W02,Frozen,4239.8,30.3,16719.8,68.2,2.3,10
2024-W02,Fruits,16614.2,2445.4,49006.78,4205.67,2.7,10
2024-W02,Meat,10156.9,1527.5,63653.5,5332.72,3.4,10
2024-W02,Pantry,27616.8,334.5,63691.52,466.7,2.4,10
2024-W02,Seafood,4083.5,446.5,28034.65,2095.9,2.6,10
2024-W02,Snacks,6506.3,49.6,21123.85,92.1,2.3,10
2024-W02,Vegetables,32766.0,4780.5,67620.96,5172.51,3.0,10
2024-W03,Baby,600.7,4.8,6057.2,30.3,4.8,10
2024-W03,Bakery,12901.3,1951.3,41137.74,3320.25,4.6,10
2024-W03,Beverages,6490.4,570.2,20215.9,911.68,4.6,10
2024-W03,Dairy,21066.1,3230.3,59058.78,5117.72,5.1,10
2024-W03,Deli,5441.1,805.6,22452.81,1841.05,4.3,10
2024-W03,Frozen,4062.2,28.8,16094.0,65.4,4.3,10
2024-W03,Fruits,15316.3,2264.6,46606.95,3928.3,4.4,10
2024-W03,Meat,9970.1,1426.2,64734.55,5088.12,4.3,10
2024-W03,Pantry,25659.0,304.0,60778.69,419.14,4.0,10
2024-W03,Seafood,4611.5,465.3,30066.65,2136.95,4.5,10
2024-W03,Snacks,5076.6,44.1,16688.9,79.9,4.3,10
2024-W03,Vegetables,34310.6,5284.8,69109.26,5550.23,4.5,10
2024-W04,Baby,556.9,3.2,4582.15,20.55,6.4,10
2024-W04,Bakery,12974.9,2099.1,41343.43,3554.67,6.4,10
2024-W04,Beverages,6261.9,522.3,18995.75,841.94,6.3,10
2024-W04,Dairy,18304.7,2823.0,52095.73,4420.58,6.6,10
2024-W04,Deli,5598.4,938.0,23824.99,2125.85,6.8,10
2024-W04,Frozen,4094.3,29.0,16658.05,67.8,6.1,10
2024-W04,Fruits,16237.4,2363.4,47564.05,3998.28,6.8,10
2024-W04,Meat,10395.7,1677.1,67180.95,5953.87,6.6,10
2024-W04,Pantry,25013.1,280.8,57506.89,389.61,6.4,10
2024-W04,Seafood,4249.7,460.4,27815.25,2133.95,6.0,10
2024-W04,Snacks,5704.4,43.1,19220.85,82.95,6.6,10
2024-W04,Vegetables,32643.7,4884.0,65983.91,5115.3,6.6,10
2024-W05,Baby,562.0,4.6,5179.25,21.6,7.8,10
2024-W05,Bakery,12700.0,2006.6,41558.7,3659.19,6.7,10
2024-W05,Beverages,6507.8,528.0,20006.6,856.22,7.4,10
2024-W05,Dairy,21064.0,3361.9,58757.81,5109.09,7.6,10
2024-W05,Deli,5995.9,862.7,25392.9,1920.8,7.6,10
2024-W05,Frozen,4076.8,28.1,16556.4,62.5,7.4,10
2024-W05,Fruits,17273.7,2585.2,49238.17,4302.48,7.5,10
2024-W05,Meat,9752.2,1480.8,62666.75,5228.12,7.3,10
2024-W05,Pantry,24509.5,330.3,56978.83,467.28,7.3,10
2024-W05,Seafood,4018.2,346.4,25545.55,1532.0,7.7,10
2024-W05,Snacks,6444.8,40.0,20474.35,70.7,7.8,10
2024-W05,Vegetables,33657.0,5274.7,67931.99,5335.09,7.2,10
2024-W06,Baby,556.2,4.4,5008.2,20.25,6.2,10
2024-W06,Bakery,12113.1,1841.2,38012.97,3140.68,7.9,10
2024-W06,Beverages,7906.3,574.1,22857.45,909.28,7.3,10
2024-W06,Dairy,20443.6,3129.9,56842.85,4672.73,7.5,10
2024-W06,Deli,6881.7,1007.9,28399.59,2251.45,7.1,10
2024-W06,Frozen,5135.0,42.8,21282.65,102.4,7.8,10
2024-W06,Fruits,17446.2,2710.7,52075.87,4605.71,7.3,10
2024-W06,Meat,9097.6,1307.4,58610.0,4621.94,7.3,10
2024-W06,Pantry,23318.6,322.5,55135.72,451.45,7.2,10
2024-W06,Seafood,3902.3,402.8,25555.85,1853.6,7.4,10
2024-W06,Snacks,6586.0,52.8,22213.35,97.35,7.7,10
2024-W06,Vegetables,30255.9,4476.7,62053.84,4769.93,7.5,10
2024-W07,Baby,622.8,5.0,6003.95,28.5,6.9,10
2024-W07,Bakery,11865.7,1671.2,37671.72,2917.79,7.5,10
2024-W07,Beverages,7201.0,745.7,21394.4,1182.68,7.6,10
2024-W07,Dairy,18654.5,2854.9,52013.32,4415.84,7.6,10
2024-W07,Deli,5093.7,806.1,22054.84,1840.55,7.5,10
2024-W07,Frozen,5290.0,36.0,20678.4,83.6,7.7,10
2024-W07,Fruits,18209.9,2778.3,54306.81,4674.2,7.6,10
2024-W07,Meat,8704.7,1313.5,55527.35,4505.44,7.6,10
2024-W07,Pantry,23870.2,347.0,56661.11,496.11,7.9,10
2024-W07,Seafood,4152.7,468.0,28719.5,2203.15,8.1,10
2024-W07,Snacks,6515.0,50.5,21869.1,92.4,7.6,10
2024-W07,Vegetables,31077.6,4801.1,62639.82,4874.55,7.6,10
2024-W08,Baby,519.5,2.8,5130.35,19.95,9.3,10
2024-W08,Bakery,10610.8,1617.2,34395.32,2856.73,9.3,10
2024-W08,Beverages,7370.0,648.7,22614.5,1058.08,9.7,10
2024-W08,Dairy,18500.3,2865.5,53508.11,4666.48,9.6,10
2024-W08,Deli,6075.5,988.4,25774.98,2239.0,10.0,10
2024-W08,Frozen,5108.1,36.4,20708.45,89.05,9.4,10
2024-W08,Fruits,18733.0,3007.2,54779.12,4912.74,9.6,10
2024-W08,Meat,9697.6,1430.0,60384.15,4844.13,9.2,10
2024-W08,Pantry,23700.4,270.8,55797.77,382.35,9.4,10
2024-W08,Seafood,4807.3,462.9,31227.5,2093.95,9.5,10
2024-W08,Snacks,6555.4,47.6,22343.3,90.2,9.6,10
2024-W08,Vegetables,32520.2,4995.3,67128.39,5348.94,9.4,10
2024-W09,Baby,733.0,5.0,5943.1,31.65,11.0,10
2024-W09,Bakery,10747.7,1595.4,34203.38,2855.83,11.1,10
2024-W09,Beverages,6948.5,515.4,21085.05,811.08,10.9,10
2024-W09,Dairy,18815.6,2927.7,52212.15,4551.64,11.2,10
2024-W09,Deli,5455.1,822.8,23180.82,1898.7,10.6,10
2024-W09,Frozen,5330.4,41.8,21480.3,97.9,10.9,10
2024-W09,Fruits,19537.2,2917.9,59605.08,5059.68,10.9,10
2024-W09,Meat,10457.4,1564.4,65896.45,5459.01,10.9,10
2024-W09,Pantry,23982.0,300.2,54724.88,412.88,10.9,10
2024-W09,Seafood,4668.0,449.0,30914.95,2067.45,10.3,10
2024-W09,Snacks,6185.6,45.1,20146.2,83.2,10.9,10
2024-W09,Vegetables,34108.4,5380.1,70123.56,5667.3,10.9,10
2024-W10,Baby,573.4,3.3,4762.9,22.8,11.7,10
2024-W10,Bakery,10607.8,1562.6,34153.01,2645.08,11.4,10
2024-W10,Beverages,7983.0,659.2,24813.7,1060.34,11.4,10
2024-W10,Dairy,20281.2,2988.5,57033.77,4512.09,11.2,10
2024-W10,Deli,5410.5,838.7,23300.96,1932.3,11.5,10
2024-W10,Frozen,5867.6,48.1,22704.25,111.55,11.7,10
2024-W10,Fruits,22072.7,3330.3,64070.14,5530.49,11.4,10
2024-W10,Meat,10137.6,1504.1,65568.4,5312.36,11.4,10
2024-W10,Pantry,22830.4,288.1,53210.36,405.72,11.4,10
2024-W10,Seafood,4038.2,394.5,26887.75,1816.25,11.6,10
2024-W10,Snacks,6650.5,53.5,22290.7,100.15,11.4,10
2024-W10,Vegetables,31126.4,4944.8,62521.82,5115.77,11.4,10
2024-W11,Baby,692.6,5.3,5460.8,28.95,12.9,10
2024-W11,Bakery,10600.8,1651.8,33608.44,2845.53,12.9,10
2024-W11,Beverages,8201.7,705.9,24504.3,1114.26,12.9,10
2024-W11,Dairy,17416.4,2510.3,47697.4,3795.85,13.2,10
2024-W11,Deli,5766.3,826.2,23994.37,1830.85,13.1,10
2024-W11,Frozen,5899.5,42.2,24000.15,98.65,13.3,10
2024-W11,Fruits,21831.1,3251.0,65599.81,5568.5,13.1,10
2024-W11,Meat,10281.7,1653.8,65363.45,5855.27,12.9,10
2024-W11,Pantry,20229.0,246.8,47722.35,345.65,13.1,10
2024-W11,Seafood,4279.1,462.2,29137.3,2193.0,13.1,10
2024-W11,Snacks,7148.3,55.0,23240.75,99.05,12.7,10
2024-W11,Vegetables,33306.3,4973.1,67843.14,5279.52,12.9,10
2024-W12,Baby,541.9,3.2,3892.1,19.5,14.4,10
2024-W12,Bakery,9502.1,1305.7,30873.18,2391.87,14.1,10
2024-W12,Beverages,8435.8,644.7,23922.35,1035.7,13.9,10
2024-W12,Dairy,16370.0,2565.6,47619.22,4136.8,14.2,10
2024-W12,Deli,5603.2,871.7,24951.95,2096.65,14.0,10
2024-W12,Frozen,5244.1,38.7,20567.25,88.0,13.7,10
2024-W12,Fruits,24081.2,3672.6,68615.97,5934.84,14.2,10
2024-W12,Meat,9787.5,1609.9,62219.0,5634.51,14.2,10
2024-W12,Pantry,22273.0,245.6,52310.29,348.3,14.1,10
2024-W12,Seafood,4047.4,444.1,26427.05,2039.3,14.1,10
2024-W12,Snacks,5036.7,42.7,16677.9,80.2,14.3,10
2024-W12,Vegetables,34306.1,5200.5,68910.16,5318.89,14.1,10
2024-W13,Baby,543.3,4.3,4486.15,28.5,15.1,10
2024-W13,Bakery,9948.0,1442.6,32624.37,2647.72,15.9,10
2024-W13,Beverages,8806.6,722.3,26487.75,1182.66,15.9,10
2024-W13,Dairy,18781.0,2927.5,54813.17,4729.49,16.0,10
2024-W13,Deli,6249.2,1014.6,26381.1,2322.3,15.3,10
2024-W13,Frozen,7015.8,51.6,27184.9,116.65,15.8,10
2024-W13,Fruits,24043.1,3738.7,71831.03,6365.71,15.6,10
2024-W13,Meat,10368.4,1455.1,66511.8,5053.35,15.9,10
2024-W13,Pantry,20669.6,265.3,47121.06,365.49,15.6,10
2024-W13,Seafood,4496.4,511.4,31743.3,2412.3,15.9,10
2024-W13,Snacks,6533.9,49.6,21444.8,94.1,15.4,10
2024-W13,Vegetables,36414.6,5427.5,73926.85,5668.9,15.8,10
2024-W14,Baby,473.9,2.6,4137.5,20.7,16.0,9
2024-W14,Bakery,9205.1,1518.1,29979.67,2644.49,16.6,10
2024-W14,Beverages,8892.8,745.7,27613.7,1218.39,17.0,10
2024-W14,Dairy,17363.1,2629.4,48917.78,4019.59,17.0,10
2024-W14,Deli,5872.7,846.5,24643.16,1958.65,17.2,10
2024-W14,Frozen,6259.4,46.3,24819.0,110.05,16.7,10
2024-W14,Fruits,25215.6,3725.1,74200.01,6144.52,16.7,10
2024-W14,Meat,11326.3,1813.6,72012.65,6211.76,17.0,10
2024-W14,Pantry,21150.5,268.7,49901.53,374.78,16.8,10
2024-W14,Seafood,4320.3,423.2,28951.7,1949.15,16.7,10
2024-W14,Snacks,6693.5,42.8,22509.9,82.5,16.8,10
2024-W14,Vegetables,36309.7,5353.0,72682.38,5604.82,17.0,10
2024-W15,Baby,568.4,3.9,4688.4,21.6,19.9,10
2024-W15,Bakery,9383.0,1467.6,29565.86,2461.67,19.9,10
2024-W15,Beverages,8529.3,615.9,26995.6,977.04,19.9,10
2024-W15,Dairy,15573.6,2316.4,43312.59,3529.84,19.9,10
2024-W15,Deli,5764.7,822.4,24710.55,1873.15,19.9,10
2024-W15,Frozen,6636.5,52.5,26708.9,122.65,20.0,10
2024-W15,Fruits,25389.1,4034.1,74889.16,6564.22,19.9,10
2024-W15,Meat,10704.1,1518.5,67849.5,5299.73,20.0,10
2024-W15,Pantry,19663.8,232.5,47414.97,336.81,19.9,10
2024-W15,Seafood,4017.3,410.6,26098.55,1914.9,19.9,10
2024-W15,Snacks,6483.9,49.0,21603.4,93.6,19.8,10
2024-W15,Vegetables,33345.2,5027.1,66975.78,5160.02,19.8,10
2024-W16,Baby,568.7,4.7,5484.3,28.05,20.7,10
2024-W16,Bakery,9542.6,1420.8,30063.3,2490.14,20.6,10
2024-W16,Beverages,8685.0,745.9,26800.25,1237.9,20.7,10
2024-W16,Dairy,15782.4,2374.4,43338.41,3660.39,20.6,10
2024-W16,Deli,6245.4,898.7,25793.15,2046.35,20.7,10
2024-W16,Frozen,7375.4,48.1,29965.15,114.6,20.4,10
2024-W16,Fruits,25395.7,3722.7,74927.13,6391.18,20.5,10
2024-W16,Meat,10324.2,1647.6,64947.95,5721.35,20.5,10
2024-W16,Pantry,18964.4,240.3,45223.67,339.03,20.5,10
2024-W16,Seafood,4308.5,455.9,30268.0,2140.4,20.5,10
2024-W16,Snacks,5945.3,49.3,19304.15,91.75,20.8,10
2024-W16,Vegetables,33062.2,4898.4,67310.32,5144.55,20.6,10
2024-W17,Baby,555.9,3.4,5543.75,22.95,21.8,10
2024-W17,Bakery,8188.5,1254.0,27505.81,2312.33,21.7,10
2024-W17,Beverages,9436.3,741.4,27101.95,1132.31,21.8,10
2024-W17,Dairy,15319.0,2288.0,43810.35,3667.96,21.8,10
2024-W17,Deli,6194.5,923.3,26675.74,2173.2,21.9,10
2024-W17,Frozen,7482.5,58.8,30731.25,143.85,22.0,10
2024-W17,Fruits,27267.7,3876.1,77462.96,6306.95,21.9,10
2024-W17,Meat,12420.6,1757.9,79690.8,6300.7,22.0,10
2024-W17,Pantry,19645.7,250.7,46403.24,350.55,22.0,10
2024-W17,Seafood,4474.5,511.8,31905.9,2347.85,21.7,10
2024-W17,Snacks,5887.5,42.6,19563.3,77.65,21.8,10
2024-W17,Vegetables,32735.6,4990.9,67084.64,5301.73,21.8,10
2024-W18,Baby,571.6,3.9,5162.95,22.65,22.6,10
2024-W18,Bakery,8447.4,1270.9,27849.23,2356.76,22.6,10
2024-W18,Beverages,10283.5,889.2,31682.3,1408.08,23.1,10
2024-W18,Dairy,16460.6,2471.6,47464.69,3922.9,23.0,10
2024-W18,Deli,6182.4,915.8,27140.24,2156.55,22.8,10
2024-W18,Frozen,7754.5,60.1,31365.3,148.1,23.1,10
2024-W18,Fruits,28116.7,4509.3,80570.33,7281.14,23.0,10
2024-W18,Meat,12143.4,1982.9,77136.0,6902.65,23.1,10
2024-W18,Pantry,19995.7,256.9,47667.22,365.34,22.8,10
2024-W18,Seafood,4266.0,489.7,29144.55,2212.0,22.8,10
2024-W18,Snacks,5994.9,47.6,19475.1,88.95,23.1,10
2024-W18,Vegetables,33802.0,5419.4,68633.84,5709.06,22.9,10
2024-W19,Baby,681.4,5.0,6065.2,27.45,23.1,10
2024-W19,Bakery,9938.7,1603.8,31820.86,2745.33,23.5,10
2024-W19,Beverages,10905.9,820.8,32510.3,1311.22,23.3,10
2024-W19,Dairy,16242.0,2604.4,45866.92,3986.26,23.5,10
2024-W19,Deli,5706.9,842.5,24208.22,1926.2,23.4,10
2024-W19,Frozen,7102.3,64.6,28191.65,142.75,23.4,10
2024-W19,Fruits,30338.7,4807.1,91682.12,8460.46,23.5,10
2024-W19,Meat,11222.3,1715.7,71695.3,5898.09,23.5,10
2024-W19,Pantry,19563.0,240.7,46998.11,341.71,23.6,10
2024-W19,Seafood,4337.0,457.5,27757.85,2089.05,23.3,10
2024-W19,Snacks,6675.5,54.6,21997.1,101.15,23.6,10
2024-W19,Vegetables,35451.1,5155.8,69934.7,5270.87,23.4,10
2024-W20,Baby,512.5,3.1,5283.35,22.5,23.8,10
2024-W20,Bakery,9423.9,1369.0,29481.39,2435.98,24.1,10
2024-W20,Beverages,10446.4,747.2,29959.3,1211.47,24.3,10
2024-W20,Dairy,14763.3,2197.4,42591.97,3549.26,24.1,10
2024-W20,Deli,5568.4,787.7,23354.49,1839.4,24.1,10
2024-W20,Frozen,7098.5,53.0,28051.85,120.8,23.9,10
2024-W20,Fruits,25897.5,4046.7,76463.82,6746.4,23.9,10
2024-W20,Meat,12265.3,1796.2,79622.95,6272.45,24.0,10
2024-W20,Pantry,17396.2,223.4,40711.55,311.45,24.0,10
2024-W20,Seafood,4190.3,443.8,26936.2,2026.65,24.2,10
2024-W20,Snacks,6059.2,41.0,19747.45,77.75,23.9,10
2024-W20,Vegetables,31816.7,4884.0,65229.06,5187.97,24.0,10
2024-W21,Baby,646.2,4.0,5701.3,25.95,25.7,10
2024-W21,Bakery,7965.5,1166.6,26277.42,2165.17,25.1,10
2024-W21,Beverages,8899.9,706.0,26568.45,1087.86,25.3,10
2024-W21,Dairy,13727.9,2208.8,39219.72,3437.36,25.2,10
2024-W21,Deli,5538.6,824.7,23926.6,1909.75,25.2,10
2024-W21,Frozen,7066.2,52.2,28297.05,121.95,25.5,10
2024-W21,Fruits,30627.8,4550.2,90180.12,7518.58,25.0,10
2024-W21,Meat,12445.9,1874.5,80812.8,6656.58,25.1,10
2024-W21,Pantry,17853.9,243.8,42328.93,351.77,25.2,10
2024-W21,Seafood,3907.6,417.0,27153.6,1989.85,25.2,10
2024-W21,Snacks,6116.1,43.6,20118.4,81.55,25.5,10
2024-W21,Vegetables,33206.7,4982.8,66114.68,5135.49,25.4,10
2024-W22,Baby,675.5,4.2,5630.4,23.1,25.9,10
2024-W22,Bakery,10291.1,1606.1,33458.42,2813.29,25.2,10
2024-W22,Beverages,10747.0,976.1,33565.8,1544.0,25.2,10
2024-W22,Dairy,16379.8,2472.9,46198.15,3790.43,25.2,10
2024-W22,Deli,5723.9,901.2,24938.9,2109.3,25.3,10
2024-W22,Frozen,8069.7,62.8,33715.5,151.35,25.3,10
2024-W22,Fruits,28348.5,4339.8,85414.35,7617.13,25.2,10
2024-W22,Meat,13012.4,2036.4,83968.75,7165.16,25.2,10
2024-W22,Pantry,18587.9,233.9,42948.4,326.72,25.1,10
2024-W22,Seafood,4361.8,498.3,31111.8,2391.95,25.3,10
2024-W22,Snacks,6558.2,48.0,21283.15,89.05,25.1,10
2024-W22,Vegetables,32935.0,5299.8,67874.66,5560.32,25.4,10
2024-W23,Baby,567.1,5.4,5554.7,37.5,26.5,10
2024-W23,Bakery,8583.9,1403.4,28434.52,2487.63,26.1,10
2024-W23,Beverages,12079.6,938.3,35410.15,1491.22,26.5,10
2024-W23,Dairy,15014.9,2084.0,40925.87,3239.29,26.2,10
2024-W23,Deli,6283.6,922.0,26219.22,2111.4,25.9,10
2024-W23,Frozen,8733.9,80.0,35481.2,191.7,26.1,10
2024-W23,Fruits,31302.3,4757.2,91074.05,8023.9,26.3,10
2024-W23,Meat,13756.8,1957.4,87961.05,6928.64,26.0,10
2024-W23,Pantry,18206.6,218.7,42537.02,309.67,26.2,10
2024-W23,Seafood,4484.1,445.9,30180.7,2046.4,26.3,10
2024-W23,Snacks,5925.6,46.6,19912.1,87.45,26.1,10
2024-W23,Vegetables,32774.1,5082.8,65971.18,5265.86,26.1,10
2024-W24,Baby,635.6,4.3,5257.85,26.4,26.2,10
2024-W24,Bakery,9210.6,1488.0,29678.23,2579.75,26.0,10
2024-W24,Beverages,11878.8,990.8,34842.15,1550.61,25.4,10
2024-W24,Dairy,15540.4,2356.8,43497.01,3587.34,25.6,10
2024-W24,Deli,6403.3,878.4,26580.51,1980.15,25.6,10
2024-W24,Frozen,8206.5,53.4,32650.2,122.55,25.8,10
2024-W24,Fruits,32271.9,4941.8,93731.49,7909.6,25.4,10
2024-W24,Meat,13841.0,2120.1,87249.7,7488.78,25.5,10
2024-W24,Pantry,19437.9,237.9,45900.05,331.99,25.4,10
2024-W24,Seafood,4165.9,367.9,26906.55,1691.05,25.7,10
2024-W24,Snacks,6883.1,57.3,22265.55,106.85,25.7,10
2024-W24,Vegetables,35596.6,5384.7,72569.79,5523.4,25.6,10
2024-W25,Baby,644.1,4.6,5754.95,25.8,25.5,10
2024-W25,Bakery,9131.0,1372.6,28457.36,2292.34,24.6,10
2024-W25,Beverages,10994.5,934.1,32269.95,1468.24,24.7,10
2024-W25,Dairy,15350.2,2280.9,41745.14,3447.49,24.9,10
2024-W25,Deli,6283.2,1021.1,27539.85,2406.8,25.0,10
2024-W25,Frozen,8595.1,63.3,33795.3,150.3,24.8,10
2024-W25,Fruits,30049.3,5041.4,90555.91,8480.79,24.8,10
2024-W25,Meat,13643.7,2046.3,86728.8,7164.47,24.8,10
2024-W25,Pantry,18607.8,237.7,41787.52,329.01,24.7,10
2024-W25,Seafood,4361.9,399.6,28074.45,1861.85,24.9,10
2024-W25,Snacks,6532.3,52.7,21532.65,101.15,24.8,10
2024-W25,Vegetables,33771.0,5173.4,66547.37,5166.44,24.9,10
2024-W26,Baby,539.1,2.9,3849.45,15.9,25.6,10
2024-W26,Bakery,8798.0,1430.2,27440.97,2358.89,25.7,10
2024-W26,Beverages,10083.1,733.4,30479.75,1224.21,25.8,10
2024-W26,Dairy,14858.2,2270.0,41199.06,3566.08,26.0,10
2024-W26,Deli,5874.3,948.2,24860.72,2137.65,25.9,10
2024-W26,Frozen,8135.7,64.2,33277.95,154.65,26.2,10
2024-W26,Fruits,29838.4,4777.1,89273.17,8086.0,26.0,10
2024-W26,Meat,15585.7,2484.7,99317.05,8627.66,26.2,10
2024-W26,Pantry,17830.9,251.0,42970.57,351.0,26.1,10
2024-W26,Seafood,3885.5,368.8,23556.4,1637.2,26.1,10
2024-W26,Snacks,5557.9,47.3,18777.85,91.15,25.8,10
2024-W26,Vegetables,32074.0,4765.7,65733.4,5017.07,26.2,10
2024-W27,Baby,568.1,4.6,5842.4,27.9,25.3,10
2024-W27,Bakery,9530.8,1436.5,30556.43,2548.68,25.0,10
2024-W27,Beverages,11768.8,1026.3,35102.3,1628.79,25.2,10
2024-W27,Dairy,16321.2,2484.6,45625.33,3952.18,25.2,10
2024-W27,Deli,6435.5,1020.3,27669.24,2397.2,25.1,10
2024-W27,Frozen,9022.9,78.4,36106.15,182.45,25.1,10
2024-W27,Fruits,31502.0,4671.7,93369.47,7927.88,25.6,10
2024-W27,Meat,14587.0,2278.3,92926.9,7897.81,25.3,10
2024-W27,Pantry,19165.1,238.4,44903.59,333.54,25.3,10
2024-W27,Seafood,4210.1,434.0,28170.4,2019.95,25.1,10
2024-W27,Snacks,6459.9,49.5,21219.1,92.75,25.1,10
2024-W27,Vegetables,33388.3,5151.5,67396.23,5380.11,25.3,10
2024-W28,Baby,664.2,5.7,6440.7,31.65,24.0,10
2024-W28,Bakery,9437.5,1386.3,29657.58,2387.36,24.4,10
2024-W28,Beverages,10633.2,886.4,31565.75,1360.41,24.4,10
2024-W28,Dairy,14843.7,2335.0,43290.65,3773.19,24.4,10
2024-W28,Deli,5399.3,825.8,23058.95,1889.7,24.3,10
2024-W28,Frozen,9168.1,77.4,36296.55,181.45,24.3,10
2024-W28,Fruits,29246.3,4736.1,86188.91,7915.86,24.3,10
2024-W28,Meat,14058.8,2199.0,90736.5,7597.68,24.5,10
2024-W28,Pantry,17538.6,225.5,41315.35,328.05,24.2,10
2024-W28,Seafood,4031.1,437.9,26788.75,1951.55,24.3,10
2024-W28,Snacks,6204.0,53.4,20635.5,98.7,24.3,10
2024-W28,Vegetables,34829.7,5043.1,70215.37,5175.33,24.3,10
2024-W29,Baby,668.5,4.3,6251.5,23.25,25.0,10
2024-W29,Bakery,9498.5,1381.4,30477.04,2381.88,24.8,10
2024-W29,Beverages,11361.0,1060.3,33139.25,1676.6,24.4,10
2024-W29,Dairy,13882.1,2087.3,39970.43,3309.08,24.7,10
2024-W29,Deli,5877.2,941.5,24481.67,2167.45,24.8,10
2024-W29,Frozen,7369.0,60.3,29417.0,143.95,24.4,10
2024-W29,Fruits,29385.1,4611.3,88197.34,7856.66,24.7,10
2024-W29,Meat,14068.7,2262.6,90785.15,7986.49,24.6,10
2024-W29,Pantry,18022.7,237.1,41524.35,321.88,24.7,10
2024-W29,Seafood,4125.3,480.1,28254.2,2249.8,24.7,10
2024-W29,Snacks,6200.5,48.6,19626.1,86.55,25.1,10
2024-W29,Vegetables,31120.5,4622.2,63070.06,4888.85,24.7,10
2024-W30,Baby,625.0,4.1,5276.3,26.1,25.8,9
2024-W30,Bakery,8806.3,1344.2,28501.43,2451.96,24.4,10
2024-W30,Beverages,10707.7,846.8,31094.05,1312.28,24.6,10
2024-W30,Dairy,14947.7,2255.0,42750.43,3559.23,24.2,10
2024-W30,Deli,6068.9,924.1,26540.56,2208.6,24.2,10
2024-W30,Frozen,8342.1,57.5,33106.9,135.25,24.3,10
2024-W30,Fruits,30049.5,4656.6,88429.27,7748.59,24.3,10
2024-W30,Meat,14931.7,2246.1,97594.9,7872.91,24.1,10
2024-W30,Pantry,18837.0,241.6,42932.5,333.44,24.6,10
2024-W30,Seafood,4256.4,417.4,27554.35,1933.75,24.3,10
2024-W30,Snacks,6049.2,42.1,20081.55,79.2,24.5,10
2024-W30,Vegetables,34586.1,5326.0,68818.5,5478.58,24.3,10
2024-W31,Baby,648.4,4.1,5542.5,17.7,22.2,10
2024-W31,Bakery,9120.3,1431.7,28419.57,2471.7,22.3,10
2024-W31,Beverages,9567.0,718.8,29900.2,1169.31,22.5,10
2024-W31,Dairy,15524.2,2457.6,45023.38,3904.04,22.5,10
2024-W31,Deli,5992.0,990.6,25808.2,2238.4,22.5,10
2024-W31,Frozen,6924.7,55.4,27777.7,131.55,22.4,10
2024-W31,Fruits,28326.6,4441.7,81908.88,7376.38,22.5,10
2024-W31,Meat,13180.9,1930.3,87291.35,6937.92,22.6,10
2024-W31,Pantry,18966.1,251.5,45374.99,355.01,22.6,10
2024-W31,Seafood,3759.0,419.3,25931.45,1945.6,22.4,10
2024-W31,Snacks,6045.2,49.0,20093.05,90.95,22.4,10
2024-W31,Vegetables,32101.2,5090.1,64326.66,5233.02,22.6,10
2024-W32,Baby,581.0,3.9,5349.2,23.7,21.2,10
2024-W32,Bakery,9286.4,1531.9,30541.33,2691.56,21.6,10
2024-W32,Beverages,10093.5,913.6,31499.95,1475.99,21.2,10
2024-W32,Dairy,16186.5,2450.6,45603.05,3739.66,20.9,10
2024-W32,Deli,6401.4,1049.1,27528.25,2371.95,21.1,10
2024-W32,Frozen,6575.3,52.0,26461.85,124.7,21.6,10
2024-W32,Fruits,27328.2,4256.3,77754.57,6933.22,21.4,10
2024-W32,Meat,15034.6,2323.2,96839.25,8053.13,21.6,10
2024-W32,Pantry,19026.9,230.4,44413.95,324.89,21.3,10
2024-W32,Seafood,4113.1,470.2,27289.0,2231.05,21.2,10
2024-W32,Snacks,6270.3,50.2,20928.65,96.15,21.1,10
2024-W32,Vegetables,34084.6,4990.1,68338.46,5084.51,21.4,10
2024-W33,Baby,563.3,3.6,4895.75,16.95,21.5,10
2024-W33,Bakery,9762.9,1458.5,31242.78,2490.67,21.3,10
2024-W33,Beverages,9280.3,811.6,28404.3,1299.82,20.4,10
2024-W33,Dairy,15277.0,2360.2,43419.9,3708.66,21.0,10
2024-W33,Deli,5138.2,821.7,23677.33,1970.8,20.9,10
2024-W33,Frozen,6847.4,51.6,28381.35,123.8,21.3,10
2024-W33,Fruits,26725.9,4089.2,78032.74,6626.84,20.9,10
2024-W33,Meat,15163.1,2307.9,94765.85,7811.02,20.9,10
2024-W33,Pantry,19894.9,218.5,47124.63,306.88,21.1,10
2024-W33,Seafood,4252.9,433.6,28484.2,2052.6,20.7,10
2024-W33,Snacks,5782.5,49.6,19441.55,92.4,21.5,10
2024-W33,Vegetables,30409.6,4828.5,61426.85,5006.3,20.9,10
2024-W34,Baby,516.4,4.4,4786.25,32.85,20.5,10
2024-W34,Bakery,10164.6,1602.8,31607.04,2718.74,21.5,10
2024-W34,Beverages,8957.3,622.3,25369.15,957.03,21.5,10
2024-W34,Dairy,15173.2,2371.1,43471.55,3828.12,21.4,10
2024-W34,Deli,6010.4,921.2,25385.47,2088.45,21.5,10
2024-W34,Frozen,6226.9,46.4,25192.25,111.7,21.6,10
2024-W34,Fruits,25365.7,3677.0,73178.97,5973.08,21.5,10
2024-W34,Meat,14745.0,2079.5,95301.7,7333.6,21.5,10
2024-W34,Pantry,18928.7,251.0,43958.91,352.26,21.5,10
2024-W34,Seafood,4233.3,438.0,28897.75,2046.3,21.6,10
2024-W34,Snacks,6188.9,41.4,20756.0,83.3,21.6,10
2024-W34,Vegetables,32081.5,4864.5,64794.85,5068.94,21.4,10
2024-W35,Baby,549.1,3.2,4737.8,14.25,19.3,10
2024-W35,Bakery,9113.1,1393.4,29072.93,2457.04,18.9,10
2024-W35,Beverages,8420.9,829.2,26476.15,1339.71,18.6,10
2024-W35,Dairy,16307.3,2614.1,45810.4,4011.56,18.7,10
2024-W35,Deli,5379.3,797.3,23577.12,1893.7,18.7,10
2024-W35,Frozen,6444.9,49.5,25732.3,114.35,18.4,10
2024-W35,Fruits,22299.2,3554.4,68404.9,6051.46,18.8,10
2024-W35,Meat,13528.2,2044.4,85266.1,7088.46,18.5,10
2024-W35,Pantry,18524.8,204.3,43422.1,292.25,18.5,10
2024-W35,Seafood,4350.4,461.9,28856.2,2101.9,18.9,10
2024-W35,Snacks,5685.2,45.2,18548.6,83.6,18.9,10
2024-W35,Vegetables,30165.0,4643.5,61437.62,4965.57,18.8,10
2024-W36,Baby,554.6,3.3,5441.3,19.65,15.7,10
2024-W36,Bakery,10323.5,1598.5,32717.92,2800.0,16.7,10
2024-W36,Beverages,8816.0,786.4,26276.75,1241.27,16.3,10
2024-W36,Dairy,17087.0,2693.9,48616.71,4184.03,16.3,10
2024-W36,Deli,6006.9,910.3,26003.21,2123.85,16.2,10
2024-W36,Frozen,6236.3,47.8,26831.55,122.35,16.8,10
2024-W36,Fruits,24227.4,3538.8,71542.93,5910.31,16.5,10
2024-W36,Meat,15156.3,2368.5,95997.2,8316.14,16.6,10
2024-W36,Pantry,20819.7,294.2,50062.3,424.94,16.6,10
2024-W36,Seafood,4199.0,399.5,27009.9,1878.75,16.5,10
2024-W36,Snacks,6609.4,49.9,21573.2,90.1,16.5,10
2024-W36,Vegetables,33886.9,5206.6,70402.47,5608.86,16.3,10
2024-W37,Baby,574.1,3.9,5119.6,22.65,16.2,10
2024-W37,Bakery,9431.5,1464.5,29950.34,2621.84,15.9,10
2024-W37,Beverages,8091.1,769.3,25167.9,1183.31,16.2,10
2024-W37,Dairy,16480.5,2535.0,47417.4,4058.21,16.0,10
2024-W37,Deli,5394.1,869.3,23445.8,2020.65,16.1,10
2024-W37,Frozen,6106.1,41.9,24275.85,98.4,15.7,10
2024-W37,Fruits,23828.7,3385.3,69247.97,5789.98,16.0,10
2024-W37,Meat,16162.3,2515.4,103785.3,8660.62,16.0,10
2024-W37,Pantry,21102.8,278.7,50314.65,394.77,16.0,10
2024-W37,Seafood,4159.2,414.4,28081.55,1991.85,15.8,10
2024-W37,Snacks,5167.2,37.9,16666.3,68.8,16.0,10
2024-W37,Vegetables,32378.8,4769.9,64834.58,4982.06,16.1,10
2024-W38,Baby,566.0,4.3,5562.8,27.45,15.1,10
2024-W38,Bakery,10607.4,1527.7,34168.42,2749.58,15.3,10
2024-W38,Beverages,7307.5,627.1,22506.3,988.53,15.7,10
2024-W38,Dairy,15274.4,2429.6,43401.2,3916.41,15.5,10
2024-W38,Deli,5657.7,884.8,23680.58,2000.45,15.4,10
2024-W38,Frozen,5980.1,37.8,22974.7,85.85,15.3,10
2024-W38,Fruits,21540.8,3093.5,64881.46,5310.72,15.3,10
2024-W38,Meat,16233.4,2435.5,102878.2,8451.24,15.4,10
2024-W38,Pantry,22554.3,289.0,52799.43,415.44,15.2,10
2024-W38,Seafood,4200.3,438.5,29609.55,2069.05,15.6,10
2024-W38,Snacks,6565.9,52.9,21133.15,97.25,15.4,10
2024-W38,Vegetables,34093.9,4919.3,68630.93,5094.49,15.4,10
2024-W39,Baby,678.1,5.0,6238.3,23.25,12.9,10
2024-W39,Bakery,9929.8,1585.1,32007.27,2762.05,12.6,10
2024-W39,Beverages,7892.2,617.7,23709.0,1009.23,12.6,10
2024-W39,Dairy,18125.1,2804.2,51980.23,4317.13,12.5,10
2024-W39,Deli,6060.9,977.7,25746.42,2240.3,12.6,10
2024-W39,Frozen,5691.1,46.0,22602.75,109.7,13.1,10
2024-W39,Fruits,23035.1,3581.2,65334.26,5780.72,12.6,10
2024-W39,Meat,14455.3,2113.9,90517.35,7185.34,12.6,10
2024-W39,Pantry,23538.9,291.5,54318.5,402.27,12.6,10
2024-W39,Seafood,3753.3,370.2,24078.0,1718.55,13.1,10
2024-W39,Snacks,6184.6,44.8,20114.25,83.4,12.7,10
2024-W39,Vegetables,32167.5,4790.2,64774.08,4899.77,12.7,10
2024-W40,Baby,671.0,4.8,6166.3,28.2,11.5,10
2024-W40,Bakery,9968.9,1610.7,32073.23,2811.42,11.4,10
2024-W40,Beverages,7251.8,604.6,21813.05,980.93,11.2,10
2024-W40,Dairy,15593.2,2189.7,43930.28,3385.94,11.0,10
2024-W40,Deli,5223.6,791.0,22200.81,1800.4,11.5,10
2024-W40,Frozen,5187.2,31.2,21167.35,77.7,10.7,10
2024-W40,Fruits,19624.0,2973.0,56545.54,4795.97,11.3,10
2024-W40,Meat,13267.9,1979.4,85224.75,7029.83,11.2,10
2024-W40,Pantry,22631.6,402.2,51410.82,567.49,11.2,10
2024-W40,Seafood,3931.2,404.4,26836.75,1871.3,11.1,10
2024-W40,Snacks,5320.5,42.3,17937.05,77.8,11.1,10
2024-W40,Vegetables,31877.3,4854.3,64605.9,5126.93,11.2,10
2024-W41,Baby,473.5,2.6,4775.1,14.4,11.1,10
2024-W41,Bakery,11509.4,1943.7,37861.88,3476.67,9.6,10
2024-W41,Beverages,7465.7,621.2,22534.85,978.48,9.6,10
2024-W41,Dairy,20216.9,3249.2,56753.98,5055.32,9.6,10
2024-W41,Deli,5600.2,891.1,23240.04,2011.4,9.5,10
2024-W41,Frozen,5519.4,43.1,22494.1,105.05,9.7,10
2024-W41,Fruits,19927.9,2969.0,58887.34,4970.67,9.4,10
2024-W41,Meat,14691.0,2354.2,93439.65,8191.52,9.4,10
2024-W41,Pantry,23670.8,297.0,56022.48,423.52,9.7,10
2024-W41,Seafood,4193.1,467.7,27178.05,2140.95,9.6,10
2024-W41,Snacks,6681.3,47.4,21663.4,85.7,9.9,10
2024-W41,Vegetables,33772.2,5005.9,69380.9,5346.58,9.6,10
2024-W42,Baby,595.3,4.1,4997.45,21.9,8.4,10
2024-W42,Bakery,11706.0,1711.1,38288.34,3113.63,8.8,10
2024-W42,Beverages,7263.9,628.2,23182.5,996.76,9.2,10
2024-W42,Dairy,20263.3,3292.1,56827.78,5046.65,9.1,10
2024-W42,Deli,5583.4,843.3,23698.15,1908.05,8.6,10
2024-W42,Frozen,5109.4,44.6,20130.15,101.7,9.0,10
2024-W42,Fruits,20294.9,3086.5,59005.24,5163.38,8.9,10
2024-W42,Meat,14598.0,2196.6,92417.5,7604.18,9.0,10
2024-W42,Pantry,23781.3,297.0,55903.74,416.59,8.9,10
2024-W42,Seafood,4342.6,455.7,29171.5,2098.1,8.4,10
2024-W42,Snacks,6946.2,49.9,22772.9,93.85,8.9,10
2024-W42,Vegetables,33738.7,5430.3,68750.73,5703.02,8.7,10
2024-W43,Baby,624.8,4.3,5244.8,22.2,8.8,10
2024-W43,Bakery,11393.9,1726.7,35238.61,2923.34,8.0,10
2024-W43,Beverages,6905.4,541.4,20785.25,868.92,8.3,10
2024-W43,Dairy,19009.0,2704.0,56007.96,4504.01,8.0,10
2024-W43,Deli,5452.5,804.5,24008.05,1906.0,7.8,10
2024-W43,Frozen,4631.3,34.2,18815.95,81.0,8.0,10
2024-W43,Fruits,19087.3,2870.5,56473.84,4707.55,7.9,10
2024-W43,Meat,13385.9,2039.8,83731.1,7136.32,8.5,10
2024-W43,Pantry,25508.2,333.2,58191.5,468.58,8.0,10
2024-W43,Seafood,4170.1,490.7,28220.75,2285.4,7.9,10
2024-W43,Snacks,5624.8,39.1,18577.9,75.45,8.3,10
2024-W43,Vegetables,33283.0,5331.2,67601.54,5435.27,8.0,10
2024-W44,Baby,500.5,3.2,3604.15,18.45,4.9,10
2024-W44,Bakery,12532.9,1981.9,40832.64,3573.88,6.4,10
2024-W44,Beverages,7116.2,536.4,22457.7,869.85,6.5,10
2024-W44,Dairy,23834.6,3752.0,67162.62,5726.74,5.9,10
2024-W44,Deli,6363.8,1012.9,26592.1,2277.1,6.4,10
2024-W44,Frozen,4720.4,37.8,19091.05,92.5,6.1,10
2024-W44,Fruits,19022.9,2832.5,55906.67,4614.18,6.2,10
2024-W44,Meat,13920.3,2087.9,89385.55,7319.42,6.5,10
2024-W44,Pantry,26308.9,310.3,62198.17,434.25,6.5,10
2024-W44,Seafood,4723.1,464.4,31057.35,2165.2,6.1,10
2024-W44,Snacks,5968.4,44.0,20572.25,85.0,5.7,10
2024-W44,Vegetables,34623.2,5403.2,69909.48,5666.82,6.2,10
2024-W45,Baby,502.7,3.3,4679.15,18.6,5.3,10
2024-W45,Bakery,12861.9,1993.7,42455.27,3620.06,4.9,10
2024-W45,Beverages,6395.6,499.8,18574.55,800.3,4.8,10
2024-W45,Dairy,19094.1,3035.3,55129.1,4716.98,5.3,10
2024-W45,Deli,5493.1,890.0,23457.12,2010.15,5.0,10
2024-W45,Frozen,4872.4,37.7,19091.45,88.7,4.7,10
2024-W45,Fruits,18908.9,2985.5,54836.23,4939.16,5.2,10
2024-W45,Meat,12829.3,2087.2,81863.4,7380.05,5.3,10
2024-W45,Pantry,26310.3,309.0,61045.38,424.07,5.0,10
2024-W45,Seafood,4025.0,423.9,27086.8,1925.9,4.7,10
2024-W45,Snacks,6065.2,38.9,19895.95,71.2,5.1,10
2024-W45,Vegetables,35437.0,5389.5,70781.52,5534.35,5.3,10
2024-W46,Baby,431.7,3.2,3948.3,17.4,4.0,10
2024-W46,Bakery,12808.2,1968.5,41607.53,3483.28,4.8,10
2024-W46,Beverages,6270.1,495.4,18934.1,797.35,4.8,10
2024-W46,Dairy,19388.2,3039.6,56977.55,4910.1,4.9,10
2024-W46,Deli,5306.3,749.0,22086.52,1656.15,4.6,10
2024-W46,Frozen,4367.6,35.3,17802.35,83.75,4.3,10
2024-W46,Fruits,15662.8,2468.5,46302.98,4142.81,4.4,10
2024-W46,Meat,12188.2,1859.9,79505.9,6540.69,5.1,10
2024-W46,Pantry,26219.7,333.2,61726.62,464.42,4.7,10
2024-W46,Seafood,4264.8,455.0,27539.9,2075.5,4.7,10
2024-W46,Snacks,5736.4,43.5,18962.95,80.6,4.6,10
2024-W46,Vegetables,31221.9,4758.8,64016.52,5009.33,4.6,10
2024-W47,Baby,677.8,4.8,5873.3,24.0,4.3,10
2024-W47,Bakery,12973.2,1838.5,40960.7,3338.23,4.4,10
2024-W47,Beverages,6119.1,519.8,17926.7,836.63,4.5,10
2024-W47,Dairy,20133.7,3282.1,56075.81,5124.38,4.2,10
2024-W47,Deli,6128.0,949.8,26116.16,2191.2,4.4,10
2024-W47,Frozen,4243.6,32.1,17131.55,74.75,4.2,10
2024-W47,Fruits,16401.1,2559.8,49851.82,4383.84,4.4,10
2024-W47,Meat,11885.6,1806.7,76285.0,6296.72,4.9,10
2024-W47,Pantry,28538.2,383.9,67885.9,543.87,4.3,10
2024-W47,Seafood,4192.4,398.3,26227.6,1827.7,4.6,10
2024-W47,Snacks,6059.1,39.4,19943.75,75.05,4.9,10
2024-W47,Vegetables,33197.9,4975.8,67829.37,5246.02,4.8,10
2024-W48,Baby,562.5,4.2,4560.5,25.2,1.7,10
2024-W48,Bakery,14626.2,2187.2,49154.98,3957.95,2.5,10
2024-W48,Beverages,5858.4,495.2,16358.4,789.17,2.7,10
2024-W48,Dairy,23545.0,3802.5,68105.39,5974.78,2.8,10
2024-W48,Deli,5920.2,904.0,24599.3,2012.5,2.4,10
2024-W48,Frozen,4424.6,38.1,18224.1,88.0,2.7,10
2024-W48,Fruits,18034.5,2837.9,52817.23,4718.15,2.5,10
2024-W48,Meat,12805.8,1941.0,82232.7,6825.39,2.3,10
2024-W48,Pantry,25705.1,321.7,60805.0,456.74,2.6,10
2024-W48,Seafood,4282.6,498.0,29360.45,2287.0,2.5,10
2024-W48,Snacks,6387.7,58.5,21032.05,107.8,2.6,10
2024-W48,Vegetables,34649.2,5599.5,70824.96,5933.22,2.5,10
2024-W49,Baby,507.1,4.0,4538.25,17.55,3.7,10
2024-W49,Bakery,11327.9,1657.8,36791.61,2975.6,3.7,10
2024-W49,Beverages,5333.4,519.0,17685.8,830.09,3.9,10
2024-W49,Dairy,21782.3,3213.6,61186.52,4926.29,3.3,10
2024-W49,Deli,6152.4,939.5,25565.89,2151.65,3.5,10
2024-W49,Frozen,4145.7,33.0,16654.3,77.95,3.9,10
2024-W49,Fruits,16397.4,2354.0,48008.66,3874.36,3.7,10
2024-W49,Meat,12216.9,1879.9,79607.8,6780.43,4.2,10
2024-W49,Pantry,27790.6,316.7,65009.59,441.99,3.5,10
2024-W49,Seafood,3913.2,376.5,25722.3,1710.55,2.6,10
2024-W49,Snacks,6595.4,48.9,21715.75,90.1,3.9,10
2024-W49,Vegetables,35181.6,5133.3,71940.63,5456.64,3.4,10
2024-W50,Baby,562.2,3.9,4038.95,20.55,3.0,10
2024-W50,Bakery,13278.5,1986.3,41960.5,3426.89,2.6,10
2024-W50,Beverages,5837.9,516.1,17112.4,827.26,2.5,10
2024-W50,Dairy,19346.5,3007.0,53558.07,4658.42,2.2,10
2024-W50,Deli,5622.0,896.3,23407.28,2061.9,2.6,10
2024-W50,Frozen,4503.1,32.7,17724.55,70.7,2.5,10
2024-W50,Fruits,15167.4,2290.1,43905.83,3673.27,2.7,10
2024-W50,Meat,11491.7,1777.7,72943.4,6228.26,2.7,10
2024-W50,Pantry,26616.1,288.2,61989.82,399.65,2.5,10
2024-W50,Seafood,4329.7,446.0,29186.4,2070.0,2.5,10
2024-W50,Snacks,6343.4,40.8,20437.4,75.0,2.6,10
2024-W50,Vegetables,30571.1,4431.3,62583.22,4783.98,2.4,10
2024-W51,Baby,635.3,4.1,5477.2,24.0,2.2,10
2024-W51,Bakery,13656.4,2034.6,42933.05,3420.74,2.1,10
2024-W51,Beverages,5642.8,534.3,18442.7,866.66,2.5,10
2024-W51,Dairy,21287.5,3286.2,59846.01,5012.36,2.2,10
2024-W51,Deli,5723.8,855.0,23293.94,1874.75,2.4,10
2024-W51,Frozen,3876.1,31.2,16142.5,78.3,2.1,10
2024-W51,Fruits,15058.9,2248.8,44401.08,3775.15,2.4,10
2024-W51,Meat,10816.9,1716.8,68671.85,5978.83,1.9,10
2024-W51,Pantry,26333.6,336.6,63528.37,483.41,2.1,10
2024-W51,Seafood,4219.8,451.7,28328.3,2087.25,2.3,10
2024-W51,Snacks,5869.1,48.9,18824.9,92.45,2.3,10
2024-W51,Vegetables,31634.6,4607.9,64306.11,4849.48,2.1,10
2024-W52,Baby,578.4,5.6,4420.45,28.35,3.8,10
2024-W52,Bakery,15032.1,2215.8,48302.66,3862.02,4.2,10
2024-W52,Beverages,6512.3,509.8,20185.7,818.99,4.3,10
2024-W52,Dairy,25577.3,3702.1,75431.42,6009.28,3.8,10
2024-W52,Deli,5666.4,871.4,23921.51,1996.35,4.3,10
2024-W52,Frozen,3951.7,29.8,16163.05,74.1,4.3,10
2024-W52,Fruits,17132.0,2670.9,51614.62,4568.5,4.3,10
2024-W52,Meat,13034.9,1938.6,81004.85,6543.66,4.0,10
2024-W52,Pantry,27645.0,363.0,65863.07,514.13,4.1,10
2024-W52,Seafood,4404.4,516.9,29962.7,2421.4,4.2,10
2024-W52,Snacks,6555.5,52.4,21490.1,96.75,4.6,10
2024-W52,Vegetables,33169.2,4981.3,67545.63,5240.65,4.1,10
2024-W53,Baby,155.2,1.3,1426.5,8.25,3.3,8
2024-W53,Bakery,3302.3,464.1,10111.47,796.15,4.5,10
2024-W53,Beverages,1343.5,141.9,4101.65,231.13,5.0,10
2024-W53,Dairy,4554.3,562.9,12975.86,908.23,3.3,10
2024-W53,Deli,1419.6,222.8,6344.01,520.45,4.7,10
2024-W53,Frozen,1031.8,7.8,4127.2,17.1,3.4,10
2024-W53,Fruits,3382.5,540.5,9843.29,857.47,4.0,10
2024-W53,Meat,2265.9,405.6,14597.2,1488.54,3.7,10
2024-W53,Pantry,6770.8,73.8,15383.2,101.94,4.0,10
2024-W53,Seafood,1134.5,110.5,7639.55,522.85,3.5,10
2024-W53,Snacks,1340.7,9.3,4466.9,17.5,3.9,10
2024-W53,Vegetables,8323.6,1245.9,16885.24,1302.26,4.3,10
2025-W01,Baby,533.9,3.1,5609.65,20.4,2.1,10
2025-W01,Bakery,12983.7,2145.2,41111.94,3730.56,3.4,10
2025-W01,Beverages,6452.3,492.9,18801.55,799.66,3.8,10
2025-W01,Dairy,22833.4,3414.9,65327.84,5508.63,3.3,10
2025-W01,Deli,6128.6,901.3,27133.98,2151.25,3.5,10
2025-W01,Frozen,4258.6,31.4,17025.45,71.55,3.3,10
2025-W01,Fruits,15727.4,2547.0,45833.73,4294.7,3.5,10
2025-W01,Meat,12603.0,1919.5,80583.5,6770.27,4.2,10
2025-W01,Pantry,25738.0,358.1,59365.07,499.43,3.9,10
2025-W01,Seafood,4962.7,547.4,35190.0,2577.9,3.3,10
2025-W01,Snacks,6695.7,51.9,22038.65,98.5,3.8,10
2025-W01,Vegetables,33766.7,4867.7,68278.1,5042.35,3.7,10
2025-W02,Baby,548.5,4.1,4386.0,22.95,3.3,10
2025-W02,Bakery,13332.4,1878.2,41665.88,3231.39,3.3,10
2025-W02,Beverages,5849.1,476.6,17918.1,776.32,3.3,10
2025-W02,Dairy,20600.3,3099.4,57700.33,4746.07,3.8,10
2025-W02,Deli,5877.2,879.5,24274.21,2012.65,4.2,10
2025-W02,Frozen,4272.2,33.8,16987.45,79.4,3.7,10
2025-W02,Fruits,15486.4,2463.8,45916.58,4088.93,3.7,10
2025-W02,Meat,10511.6,1665.1,68411.45,5922.06,3.4,10
2025-W02,Pantry,26661.1,361.7,63292.39,511.44,4.0,10
2025-W02,Seafood,4083.5,421.5,28416.8,1993.55,3.6,10
2025-W02,Snacks,6105.0,45.9,19995.8,83.55,3.7,10
2025-W02,Vegetables,33037.9,5193.5,66297.13,5331.71,3.8,10
2025-W03,Baby,589.5,4.3,5362.7,20.1,3.0,10
2025-W03,Bakery,12963.1,1985.6,41821.4,3516.0,2.6,10
2025-W03,Beverages,6342.6,572.6,18358.4,918.93,3.0,10
2025-W03,Dairy,19621.5,3076.6,56543.1,4967.66,2.6,10
2025-W03,Deli,5663.9,872.3,24560.61,2095.3,2.8,10
2025-W03,Frozen,4008.1,29.6,15860.6,67.65,2.8,10
2025-W03,Fruits,15591.7,2401.1,47103.87,4055.64,2.8,10
2025-W03,Meat,10534.5,1660.9,66536.8,5620.67,2.7,10
2025-W03,Pantry,23514.9,335.5,53830.62,473.47,2.6,10
2025-W03,Seafood,4076.8,429.0,27184.75,2068.25,2.1,10
2025-W03,Snacks,6346.8,50.4,20762.95,96.45,2.4,10
2025-W03,Vegetables,33012.3,5335.7,66189.67,5469.05,2.6,10
2025-W04,Baby,644.9,4.6,4985.05,26.85,5.4,10
2025-W04,Bakery,12329.4,1807.7,39662.61,3251.71,5.7,10
2025-W04,Beverages,6419.4,573.0,19208.6,918.0,5.8,10
2025-W04,Dairy,21470.2,3258.7,62131.11,5218.13,6.1,10
2025-W04,Deli,5902.8,975.8,25256.58,2224.25,5.6,10
2025-W04,Frozen,4335.5,34.3,16618.9,74.95,6.0,10
2025-W04,Fruits,19881.8,2955.2,56686.79,4721.44,5.8,10
2025-W04,Meat,10235.2,1668.7,64601.1,5796.12,5.8,10
2025-W04,Pantry,25759.2,298.5,58163.74,402.94,5.6,10
2025-W04,Seafood,4275.0,452.6,27724.2,2081.5,6.0,10
2025-W04,Snacks,6288.3,57.1,20715.3,107.7,5.2,10
2025-W04,Vegetables,33437.3,5251.0,66770.0,5253.72,5.7,10
2025-W05,Baby,705.1,6.6,5709.05,25.65,5.4,10
2025-W05,Bakery,13537.1,1876.4,42752.4,3195.66,6.1,10
2025-W05,Beverages,5919.9,487.3,18655.8,776.23,5.7,10
2025-W05,Dairy,22518.5,3488.6,62458.43,5498.94,5.9,10
2025-W05,Deli,6148.2,907.4,25948.45,2111.15,5.8,10
2025-W05,Frozen,4890.3,35.8,20352.8,88.9,6.4,10
2025-W05,Fruits,18970.1,2753.8,55547.12,4641.63,6.2,10
2025-W05,Meat,11343.8,1849.7,73202.15,6438.75,5.9,10
2025-W05,Pantry,26845.7,308.9,64081.93,434.59,6.2,10
2025-W05,Seafood,4489.4,490.1,29637.1,2349.65,5.8,10
2025-W05,Snacks,6589.7,49.5,21756.95,91.8,6.2,10
2025-W05,Vegetables,32631.6,5130.1,66218.66,5366.39,6.2,10
2025-W06,Baby,623.6,5.1,5806.0,32.85,6.5,10
2025-W06,Bakery,10608.3,1729.3,33350.22,3037.6,6.8,10
2025-W06,Beverages,7011.1,427.5,22977.9,698.07,7.4,10
2025-W06,Dairy,18707.0,2716.2,52163.24,4197.16,6.5,10
2025-W06,Deli,6483.8,1016.5,28178.99,2423.2,7.0,10
2025-W06,Frozen,4674.2,35.2,19071.85,85.15,6.6,10
2025-W06,Fruits,16905.0,2576.8,51188.25,4362.75,6.8,10
2025-W06,Meat,8752.3,1447.8,56377.35,5137.01,7.2,10
2025-W06,Pantry,22855.0,272.3,52551.23,376.44,6.9,10
2025-W06,Seafood,3990.7,443.8,27151.95,2029.5,7.4,10
2025-W06,Snacks,6530.3,58.5,22174.7,112.25,7.2,10
2025-W06,Vegetables,30135.3,4685.7,61173.05,4919.1,7.0,10
2025-W07,Baby,458.4,3.3,4464.55,24.9,8.1,10
2025-W07,Bakery,11924.9,1836.7,37647.81,3187.07,8.8,10
2025-W07,Beverages,7306.0,570.5,21606.7,910.77,8.9,10
2025-W07,Dairy,18176.1,2720.8,52108.27,4346.64,9.1,10
2025-W07,Deli,5222.9,783.1,23014.71,1827.75,9.0,10
2025-W07,Frozen,4763.4,34.2,18796.4,80.15,9.3,10
2025-W07,Fruits,18202.6,2789.6,53984.76,4588.34,9.3,10
2025-W07,Meat,10845.9,1714.7,69667.4,5933.92,9.0,10
2025-W07,Pantry,24548.7,310.9,58407.88,432.39,9.0,10
2025-W07,Seafood,3842.0,380.9,25834.85,1739.85,8.6,10
2025-W07,Snacks,6184.6,44.6,20640.4,87.5,9.7,10
2025-W07,Vegetables,31793.7,4966.1,64045.31,5061.22,9.1,10
2025-W08,Baby,498.5,3.2,5001.9,16.35,9.9,10
2025-W08,Bakery,11403.7,1796.2,36557.9,3119.97,10.1,10
2025-W08,Beverages,7368.8,537.2,20858.45,852.25,9.8,10
2025-W08,Dairy,19023.9,2913.6,54752.19,4660.59,10.5,10
2025-W08,Deli,5938.3,897.7,25922.96,2133.9,10.2,10
2025-W08,Frozen,5162.4,45.0,21036.7,106.7,9.6,10
2025-W08,Fruits,18767.2,2723.0,55482.31,4564.1,9.9,10
2025-W08,Meat,9990.7,1546.8,65183.05,5556.35,10.0,10
2025-W08,Pantry,25880.9,330.4,61026.43,464.58,9.8,10
2025-W08,Seafood,3833.6,427.3,25796.1,2030.45,10.4,10
2025-W08,Snacks,6105.9,46.9,20555.05,89.25,10.1,10
2025-W08,Vegetables,31050.0,4753.0,62653.7,4984.91,10.1,10
2025-W09,Baby,636.5,4.0,5009.0,18.6,8.5,10
2025-W09,Bakery,10323.6,1591.9,33513.7,2884.08,9.0,10
2025-W09,Beverages,8066.2,688.2,23352.3,1097.79,8.9,10
2025-W09,Dairy,17124.6,2487.6,49049.01,3891.54,8.6,10
2025-W09,Deli,5982.8,956.7,26200.01,2247.7,8.6,10
2025-W09,Frozen,5017.2,37.1,20097.5,88.2,8.8,10
2025-W09,Fruits,18650.7,3125.4,55845.48,5311.39,8.8,10
2025-W09,Meat,10892.4,1688.7,68914.7,5871.77,8.5,10
2025-W09,Pantry,23871.5,336.2,55429.32,463.06,8.9,10
2025-W09,Seafood,4540.8,481.2,30676.15,2267.55,8.8,10
2025-W09,Snacks,6178.2,48.5,20049.2,90.95,8.9,10
2025-W09,Vegetables,35863.3,5427.3,73041.97,5801.37,8.6,10
2025-W10,Baby,479.0,3.4,3892.95,17.7,11.8,10
2025-W10,Bakery,10953.8,1655.6,34427.43,2802.68,11.3,10
2025-W10,Beverages,7062.7,645.1,21390.85,996.61,10.9,10
2025-W10,Dairy,18358.2,2711.4,50951.99,4119.27,11.2,10
2025-W10,Deli,6650.2,1013.3,27357.08,2258.8,11.7,10
2025-W10,Frozen,5154.4,41.0,21246.0,95.55,11.5,10
2025-W10,Fruits,20802.7,3362.1,63251.51,5739.66,11.6,10
2025-W10,Meat,10344.8,1645.8,66096.55,5645.94,11.1,10
2025-W10,Pantry,22065.3,244.9,52147.43,335.29,11.4,10
2025-W10,Seafood,4108.6,485.8,28414.05,2253.2,11.4,10
2025-W10,Snacks,6155.8,42.5,20199.4,79.1,11.4,10
2025-W10,Vegetables,32521.6,4994.3,65584.23,5213.34,11.4,10
2025-W11,Baby,542.8,3.1,5238.2,19.35,14.8,10
2025-W11,Bakery,9959.4,1428.1,32810.19,2623.59,13.7,10
2025-W11,Beverages,7305.2,634.1,22179.5,1017.53,14.3,10
2025-W11,Dairy,18367.3,2802.1,51082.43,4356.67,14.1,10
2025-W11,Deli,5398.1,791.0,23223.32,1786.6,14.5,10
2025-W11,Frozen,5902.6,45.9,23884.85,111.5,13.8,10
2025-W11,Fruits,22816.6,3717.8,67403.75,6238.06,14.1,10
2025-W11,Meat,10062.4,1570.5,63080.55,5368.86,14.2,10
2025-W11,Pantry,21149.3,231.6,49691.13,321.76,13.8,10
2025-W11,Seafood,3956.1,429.8,27024.8,2001.35,14.2,10
2025-W11,Snacks,7437.9,49.9,24439.3,94.05,14.2,10
2025-W11,Vegetables,32335.1,4996.1,65648.37,5321.03,13.9,10
2025-W12,Baby,608.9,5.0,5378.65,25.35,15.8,10
2025-W12,Bakery,9443.6,1475.4,30838.27,2588.26,15.6,10
2025-W12,Beverages,7803.2,733.4,23268.05,1151.73,15.8,10
2025-W12,Dairy,17415.4,2460.9,49270.9,3843.23,15.7,10
2025-W12,Deli,6282.5,937.7,26484.88,2131.6,15.8,10
2025-W12,Frozen,6610.6,51.5,26532.85,123.4,15.6,10
2025-W12,Fruits,22081.7,3415.3,63092.32,5519.68,15.7,10
2025-W12,Meat,10169.9,1521.1,63931.0,5272.19,15.8,10
2025-W12,Pantry,21776.7,276.0,51511.31,386.81,15.8,10
2025-W12,Seafood,4476.9,445.8,30057.3,2075.0,15.7,10
2025-W12,Snacks,5689.6,48.4,19130.0,93.9,15.6,10
2025-W12,Vegetables,33437.5,4987.8,69120.57,5215.16,15.8,10
2025-W13,Baby,559.0,5.7,4926.85,26.4,17.6,10
2025-W13,Bakery,9619.4,1491.7,30924.84,2631.97,17.5,10
2025-W13,Beverages,8167.5,672.0,23675.75,1059.68,17.4,10
2025-W13,Dairy,15801.7,2527.5,45111.32,3967.88,17.1,10
2025-W13,Deli,5425.0,836.1,23294.99,1897.4,17.3,10
2025-W13,Frozen,6518.2,41.5,26516.9,99.6,17.0,10
2025-W13,Fruits,25186.7,3671.3,73113.58,5979.65,17.4,10
2025-W13,Meat,10406.3,1562.2,67718.45,5460.76,17.7,10
2025-W13,Pantry,20307.5,209.6,45880.83,286.66,17.4,10
2025-W13,Seafood,3930.4,436.2,27285.65,2017.2,17.6,10
2025-W13,Snacks,6176.7,44.4,20724.1,81.95,17.6,10
2025-W13,Vegetables,32928.2,5162.4,67127.53,5395.82,17.4,10
2025-W14,Baby,565.0,3.6,5502.95,24.3,17.9,10
2025-W14,Bakery,9631.2,1378.7,30687.45,2438.63,17.7,10
2025-W14,Beverages,8323.2,684.8,27260.55,1138.82,17.7,10
2025-W14,Dairy,15853.4,2351.8,45346.14,3769.66,17.7,10
2025-W14,Deli,5721.4,851.3,24017.6,1950.05,18.1,10
2025-W14,Frozen,5981.2,53.6,23975.2,125.25,17.8,10
2025-W14,Fruits,24319.4,3530.8,72048.33,6045.27,17.7,10
2025-W14,Meat,10176.0,1623.9,63039.15,5567.47,18.0,10
2025-W14,Pantry,20162.5,257.0,47331.71,360.58,17.8,10
2025-W14,Seafood,4221.8,402.7,27981.9,1816.05,17.8,10
2025-W14,Snacks,6316.5,48.3,20742.85,90.35,17.6,10
2025-W14,Vegetables,33454.9,4965.1,69506.42,5288.57,17.6,10
2025-W15,Baby,744.7,5.2,6163.0,22.5,18.5,10
2025-W15,Bakery,8878.3,1341.4,28311.04,2394.09,18.4,10
2025-W15,Beverages,8105.7,626.8,24778.45,1004.0,18.2,10
2025-W15,Dairy,16334.5,2709.7,45423.75,4180.41,18.3,10
2025-W15,Deli,6085.4,914.9,25507.77,2057.85,18.6,10
2025-W15,Frozen,6453.5,46.9,25377.6,107.95,18.3,10
2025-W15,Fruits,24259.0,3532.3,73006.68,5972.54,18.5,10
2025-W15,Meat,11030.7,1632.6,70434.65,5610.42,18.4,10
2025-W15,Pantry,19894.6,275.9,45980.41,384.75,18.3,10
2025-W15,Seafood,4318.5,562.1,30716.35,2712.55,18.5,10
2025-W15,Snacks,6216.5,44.4,20785.7,83.85,18.4,10
2025-W15,Vegetables,31634.8,5056.9,64868.74,5281.9,18.5,10
2025-W16,Baby,681.3,5.6,6171.9,36.75,19.9,10
2025-W16,Bakery,9735.5,1513.8,30065.32,2453.65,20.4,10
2025-W16,Beverages,8963.7,718.6,26750.25,1140.27,20.0,10
2025-W16,Dairy,16559.2,2586.3,47986.06,4064.69,20.4,10
2025-W16,Deli,5420.7,751.5,23162.03,1749.2,20.2,10
2025-W16,Frozen,6255.3,49.0,25563.25,113.15,20.1,10
2025-W16,Fruits,23933.4,3750.9,72383.29,6328.04,20.2,10
2025-W16,Meat,11535.6,1710.1,74240.0,5861.23,20.0,10
2025-W16,Pantry,17808.9,219.6,42621.69,313.55,20.2,10
2025-W16,Seafood,3789.0,393.5,24325.65,1902.05,20.6,10
2025-W16,Snacks,5932.1,45.5,19559.0,85.55,20.1,10
2025-W16,Vegetables,33501.2,4973.1,67312.5,5265.8,20.0,10
2025-W17,Baby,613.8,4.3,5914.8,26.4,20.4,10
2025-W17,Bakery,8515.2,1257.6,27572.13,2264.14,20.2,10
2025-W17,Beverages,9040.4,858.4,28786.75,1363.43,20.3,10
2025-W17,Dairy,15965.9,2525.3,46156.7,3986.99,20.4,10
2025-W17,Deli,6061.2,975.2,25169.57,2218.5,20.5,10
2025-W17,Frozen,6684.1,53.0,27227.6,126.65,20.4,10
2025-W17,Fruits,28100.3,4351.0,82461.6,7303.34,20.6,10
2025-W17,Meat,12242.8,1890.3,78406.7,6595.18,20.5,10
2025-W17,Pantry,18823.2,225.4,44214.74,313.69,20.4,10
2025-W17,Seafood,4521.5,437.4,29472.25,1997.5,20.8,10
2025-W17,Snacks,5773.0,43.9,18487.8,79.4,20.4,10
2025-W17,Vegetables,31431.4,5107.3,63006.09,5258.61,20.5,10
2025-W18,Baby,509.4,3.7,3527.2,17.1,20.9,10
2025-W18,Bakery,9272.0,1282.1,29214.37,2238.77,21.5,10
2025-W18,Beverages,10034.1,883.1,30943.2,1453.06,21.5,10
2025-W18,Dairy,16264.2,2317.7,44637.49,3565.65,21.6,10
2025-W18,Deli,6122.2,921.5,25566.04,2072.55,21.5,10
2025-W18,Frozen,6651.0,50.0,26890.9,114.35,21.5,10
2025-W18,Fruits,27655.9,4048.8,80636.98,6719.09,21.6,10
2025-W18,Meat,11422.0,1745.2,70396.4,5893.62,21.6,10
2025-W18,Pantry,17801.5,242.4,41138.86,337.93,21.5,10
2025-W18,Seafood,4205.5,436.7,26974.05,1978.45,21.5,10
2025-W18,Snacks,6015.6,47.5,19790.7,92.5,21.3,10
2025-W18,Vegetables,33408.6,5165.3,67041.61,5213.48,21.5,10
2025-W19,Baby,622.6,3.8,6908.65,27.75,23.2,10
2025-W19,Bakery,9426.3,1504.4,29503.52,2556.24,22.9,10
2025-W19,Beverages,10261.9,928.8,32953.9,1499.24,22.8,10
2025-W19,Dairy,15059.1,2253.9,43712.88,3575.49,22.9,10
2025-W19,Deli,6351.2,1016.1,27050.19,2340.5,22.9,10
2025-W19,Frozen,7372.9,54.0,30267.7,129.75,22.8,10
2025-W19,Fruits,30579.6,4819.0,92647.55,8318.53,22.8,10
2025-W19,Meat,10984.8,1688.5,69047.95,5872.84,22.9,10
2025-W19,Pantry,19630.6,282.4,46627.82,400.84,23.1,10
2025-W19,Seafood,4379.3,411.0,27952.7,1833.85,22.9,10
2025-W19,Snacks,7140.4,57.4,23096.0,105.9,22.7,10
2025-W19,Vegetables,31213.5,4776.2,62296.63,4986.05,22.9,10
2025-W20,Baby,614.0,3.7,4937.25,21.3,22.8,10
2025-W20,Bakery,9587.2,1516.7,31574.22,2734.03,22.7,10
2025-W20,Beverages,11157.9,1018.9,33438.5,1647.12,23.0,10
2025-W20,Dairy,14933.6,2279.6,42418.05,3468.89,23.0,10
2025-W20,Deli,6133.3,871.0,25835.16,1995.25,22.9,10
2025-W20,Frozen,8464.0,58.8,33778.3,143.25,22.8,10
2025-W20,Fruits,29139.5,4500.6,84773.52,7298.56,22.9,10
2025-W20,Meat,13862.0,2013.5,89380.85,7050.46,22.9,10
2025-W20,Pantry,19166.2,215.8,45310.14,297.81,22.7,10
2025-W20,Seafood,4242.0,478.9,29314.25,2241.75,22.9,10
2025-W20,Snacks,6704.3,46.4,21795.9,86.45,22.6,10
2025-W20,Vegetables,30587.6,4954.4,62524.84,5240.85,22.9,10
2025-W21,Baby,548.7,4.4,4653.1,22.35,25.4,9
2025-W21,Bakery,9865.7,1562.1,31760.28,2813.74,24.6,10
2025-W21,Beverages,10753.8,944.5,32565.8,1520.53,25.0,10
2025-W21,Dairy,15364.4,2411.0,44187.98,3853.98,24.8,10
2025-W21,Deli,5581.8,908.1,23810.72,2075.45,24.9,10
2025-W21,Frozen,6972.7,55.0,27185.4,122.1,24.7,10
2025-W21,Fruits,28186.7,4597.8,82151.6,7554.1,24.8,10
2025-W21,Meat,12380.5,1944.7,76983.3,6602.52,24.8,10
2025-W21,Pantry,18108.0,241.0,42031.4,338.37,24.9,10
2025-W21,Seafood,4354.1,440.3,28601.75,2038.65,24.8,10
2025-W21,Snacks,6998.3,56.1,23105.65,103.55,24.8,10
2025-W21,Vegetables,32900.2,4987.0,67257.76,5306.32,24.7,10
2025-W22,Baby,574.9,4.3,4994.5,21.15,24.7,10
2025-W22,Bakery,9666.8,1402.7,30359.75,2392.27,24.8,10
2025-W22,Beverages,11107.2,955.1,33033.15,1545.56,24.7,10
2025-W22,Dairy,15197.1,2224.3,43487.83,3431.72,24.7,10
2025-W22,Deli,6192.0,914.7,26769.6,2186.0,24.7,10
2025-W22,Frozen,7797.4,57.5,31825.65,137.75,24.7,10
2025-W22,Fruits,31224.4,4861.5,91184.13,8027.4,24.7,10
2025-W22,Meat,12228.3,1832.0,77269.65,6254.34,24.7,10
2025-W22,Pantry,19933.3,272.1,46671.21,379.1,24.9,10
2025-W22,Seafood,4619.4,501.1,30391.45,2301.3,24.5,10
2025-W22,Snacks,6750.9,53.8,22026.6,99.4,24.9,10
2025-W22,Vegetables,34125.2,5227.2,67275.08,5237.49,24.8,10
2025-W23,Baby,704.1,6.1,6303.3,34.35,25.7,10
2025-W23,Bakery,9573.4,1521.1,31079.52,2650.88,25.3,10
2025-W23,Beverages,10629.7,921.1,32563.75,1430.76,25.3,10
2025-W23,Dairy,16268.5,2414.6,45682.2,3770.16,25.4,10
2025-W23,Deli,6671.6,1029.8,28773.56,2321.7,25.3,10
2025-W23,Frozen,8842.7,62.7,36435.45,155.65,25.4,10
2025-W23,Fruits,31932.8,5027.1,93637.5,8408.97,25.8,10
2025-W23,Meat,13840.2,2291.3,88259.0,7941.01,25.5,10
2025-W23,Pantry,18386.2,209.2,42929.92,288.9,25.4,10
2025-W23,Seafood,4626.9,450.0,30464.0,1979.95,25.6,10
2025-W23,Snacks,6450.5,51.3,21204.2,94.55,25.4,10
2025-W23,Vegetables,36179.2,5481.9,72736.57,5819.15,25.4,10
2025-W24,Baby,674.7,5.7,5552.45,27.45,24.4,10
2025-W24,Bakery,8474.3,1240.5,28802.82,2391.44,24.7,10
2025-W24,Beverages,12236.5,1027.0,37779.8,1600.31,24.6,10
2025-W24,Dairy,14724.6,2185.1,41838.39,3480.94,24.7,10
2025-W24,Deli,5943.9,953.5,26376.01,2274.05,24.6,10
2025-W24,Frozen,7309.9,52.1,30150.3,133.1,24.6,10
2025-W24,Fruits,28866.4,4613.2,84979.55,7543.02,24.8,10
2025-W24,Meat,13015.6,2070.4,81961.15,7082.81,24.8,10
2025-W24,Pantry,18572.5,229.0,42805.79,316.83,24.6,10
2025-W24,Seafood,4279.7,443.0,29109.15,2077.95,24.7,10
2025-W24,Snacks,6224.3,47.7,20801.45,87.15,24.8,10
2025-W24,Vegetables,31927.4,5145.7,63041.78,5283.42,24.7,10
2025-W25,Baby,597.2,3.5,4633.3,17.85,25.8,10
2025-W25,Bakery,8851.1,1348.0,28225.43,2303.08,25.6,10
2025-W25,Beverages,10991.7,935.7,32817.1,1536.54,25.4,10
2025-W25,Dairy,15105.3,2395.5,42754.37,3695.91,25.5,10
2025-W25,Deli,6255.0,1024.4,27085.33,2361.1,25.4,10
2025-W25,Frozen,7491.1,58.7,30720.8,140.5,25.6,10
2025-W25,Fruits,30630.3,4451.1,90144.37,7453.09,25.5,10
2025-W25,Meat,12832.3,1833.8,82451.9,6479.48,25.5,10
2025-W25,Pantry,18977.4,240.4,44454.6,338.48,25.5,10
2025-W25,Seafood,4155.8,434.0,28152.15,1948.6,25.3,10
2025-W25,Snacks,7006.0,54.4,22738.7,101.5,25.7,10
2025-W25,Vegetables,33212.3,5288.9,67189.33,5435.12,25.9,10
2025-W26,Baby,640.8,5.8,5427.4,30.75,25.4,10
2025-W26,Bakery,9584.2,1370.4,30562.82,2315.09,25.5,10
2025-W26,Beverages,11666.8,985.3,34475.1,1550.98,25.7,10
2025-W26,Dairy,12171.7,1921.3,33866.83,2896.61,25.6,10
2025-W26,Deli,5512.7,851.3,23817.04,1982.6,25.8,10
2025-W26,Frozen,8321.2,60.8,32627.35,134.25,25.5,10
2025-W26,Fruits,29970.9,4612.3,88827.51,8099.24,25.5,10
2025-W26,Meat,15205.8,2253.2,94875.45,7680.86,25.6,10
2025-W26,Pantry,17784.8,233.2,41198.08,324.49,25.4,10
2025-W26,Seafood,4305.4,485.8,29560.35,2253.45,25.3,10
2025-W26,Snacks,6089.5,45.7,19859.95,83.9,25.6,10
2025-W26,Vegetables,30765.8,4610.3,63058.64,4924.38,25.7,10
2025-W27,Baby,590.0,3.8,5422.85,23.55,25.8,10
2025-W27,Bakery,10399.4,1562.6,33014.68,2741.13,25.2,10
2025-W27,Beverages,11975.3,1019.0,37763.9,1693.79,24.9,10
2025-W27,Dairy,15195.8,2219.9,43043.37,3567.6,25.3,10
2025-W27,Deli,6133.3,962.6,26936.48,2301.7,25.3,10
2025-W27,Frozen,7759.2,67.4,30074.35,149.15,25.4,10
2025-W27,Fruits,31451.5,4916.7,91330.33,8130.28,25.3,10
2025-W27,Meat,14840.0,2393.2,94509.5,8320.89,25.3,10
2025-W27,Pantry,19631.5,265.1,45533.7,363.07,25.1,10
2025-W27,Seafood,4149.1,354.0,26485.75,1627.45,25.5,10
2025-W27,Snacks,7291.6,58.6,24312.05,113.2,25.1,10
2025-W27,Vegetables,35893.9,5519.6,72694.35,5688.87,25.2,10
2025-W28,Baby,619.2,5.3,5782.6,34.2,24.9,10
2025-W28,Bakery,7954.4,1196.8,25402.38,2143.81,25.2,10
2025-W28,Beverages,11781.8,939.8,35540.45,1478.21,25.2,10
2025-W28,Dairy,16270.0,2250.7,46056.72,3553.42,24.9,10
2025-W28,Deli,5958.9,892.6,25586.56,1994.45,25.0,10
2025-W28,Frozen,8366.3,57.4,34122.35,133.25,25.0,10
2025-W28,Fruits,31931.8,4716.5,93927.13,7998.3,25.2,10
2025-W28,Meat,13722.2,2002.2,85766.4,6756.4,25.2,10
2025-W28,Pantry,18733.6,262.2,44173.61,368.33,25.2,10
2025-W28,Seafood,4404.9,509.2,31139.25,2399.65,25.0,10
2025-W28,Snacks,6744.1,47.8,22084.8,88.95,25.2,10
2025-W28,Vegetables,35350.2,5337.3,71057.79,5484.73,25.1,10
2025-W29,Baby,528.7,2.5,4869.7,18.45,24.2,10
2025-W29,Bakery,8467.4,1281.0,27601.99,2211.82,24.5,10
2025-W29,Beverages,9550.0,783.0,28992.75,1269.94,24.2,10
2025-W29,Dairy,14960.9,2322.2,41843.84,3611.75,24.4,10
2025-W29,Deli,4939.5,776.4,20687.91,1757.6,24.3,10
2025-W29,Frozen,7742.7,61.4,31085.9,151.1,24.2,10
2025-W29,Fruits,28305.5,4347.0,81918.39,7115.62,24.3,10
2025-W29,Meat,12535.6,2149.8,79761.45,7525.58,24.1,10
2025-W29,Pantry,18177.2,248.8,42435.93,343.41,24.1,10
2025-W29,Seafood,4297.9,417.7,28331.6,1961.7,24.3,10
2025-W29,Snacks,5499.5,43.9,18221.6,82.75,24.6,10
2025-W29,Vegetables,33771.7,5282.0,68565.46,5451.93,24.4,10
2025-W30,Baby,658.4,4.1,5224.95,16.65,24.1,10
2025-W30,Bakery,9080.7,1541.2,28528.41,2588.19,24.3,10
2025-W30,Beverages,10629.5,808.7,33017.5,1308.42,24.3,10
2025-W30,Dairy,13935.2,2175.3,40166.96,3395.55,24.5,10
2025-W30,Deli,5752.6,932.9,25174.43,2214.65,24.3,10
2025-W30,Frozen,7434.8,51.9,30772.7,128.6,24.1,10
2025-W30,Fruits,27688.6,3890.2,81145.01,6529.07,24.5,10
2025-W30,Meat,13966.0,2194.9,87855.4,7555.87,24.8,10
2025-W30,Pantry,18865.4,267.2,43379.81,371.18,24.4,10
2025-W30,Seafood,4227.5,432.0,27142.45,1980.8,24.6,10
2025-W30,Snacks,6076.7,41.6,20138.15,76.4,24.4,10
2025-W30,Vegetables,33276.3,5064.5,65933.39,5172.45,24.2,10
2025-W31,Baby,636.8,3.7,5874.65,21.3,22.5,10
2025-W31,Bakery,9705.0,1447.2,30953.97,2440.64,22.1,10
2025-W31,Beverages,9997.0,895.2,29188.15,1416.06,22.3,10
2025-W31,Dairy,16376.3,2429.1,46222.14,3756.9,22.1,10
2025-W31,Deli,5289.2,714.7,23585.41,1694.5,22.3,10
2025-W31,Frozen,6419.4,50.2,26272.4,125.45,22.1,10
2025-W31,Fruits,28643.3,4116.2,82906.12,6807.0,22.1,10
2025-W31,Meat,15223.3,2323.0,98401.35,8285.87,22.4,10
2025-W31,Pantry,18384.1,225.2,42223.0,308.06,22.1,10
2025-W31,Seafood,4178.8,423.4,26690.45,1900.6,22.2,10
2025-W31,Snacks,6706.7,41.5,21820.7,77.4,22.3,10
2025-W31,Vegetables,32745.5,4997.9,65098.48,5009.81,22.2,10
2025-W32,Baby,618.7,6.0,5457.4,41.55,22.7,10
2025-W32,Bakery,9453.0,1409.7,30441.12,2532.09,21.8,10
2025-W32,Beverages,10889.2,848.3,32262.5,1343.8,21.9,10
2025-W32,Dairy,15670.7,2491.0,45431.35,3964.49,22.0,10
2025-W32,Deli,5983.7,932.7,25735.44,2169.7,22.3,10
2025-W32,Frozen,7366.1,48.5,29789.55,114.5,21.9,10
2025-W32,Fruits,28968.1,4605.8,83437.9,7476.86,22.2,10
2025-W32,Meat,14630.2,2346.7,92950.45,8105.1,22.1,10
2025-W32,Pantry,18733.1,220.3,43972.78,311.17,21.7,10
2025-W32,Seafood,4325.6,423.5,29111.35,2001.4,21.7,10
2025-W32,Snacks,6453.8,51.2,21390.45,94.5,21.9,10
2025-W32,Vegetables,34053.5,4881.4,67332.09,4965.45,22.1,10
2025-W33,Baby,522.9,5.4,4638.2,24.9,19.8,10
2025-W33,Bakery,8998.4,1522.1,28996.59,2606.33,19.4,10
2025-W33,Beverages,9517.0,707.6,29052.15,1120.29,19.9,10
2025-W33,Dairy,16167.7,2371.0,46556.12,3876.48,19.8,10
2025-W33,Deli,5888.7,928.2,24485.2,2080.05,20.1,10
2025-W33,Frozen,6723.9,54.2,27739.45,129.5,19.9,10
2025-W33,Fruits,25607.9,3804.4,74658.97,6369.53,19.7,10
2025-W33,Meat,14379.0,2234.1,89056.25,7645.91,19.9,10
2025-W33,Pantry,18986.9,227.5,43966.88,315.05,19.9,10
2025-W33,Seafood,4171.5,432.8,27126.9,2026.45,20.2,10
2025-W33,Snacks,6812.9,50.7,22591.5,97.55,19.8,10
2025-W33,Vegetables,31700.1,5031.3,64176.16,5222.2,19.7,10
2025-W34,Baby,516.8,2.8,4830.65,16.8,20.7,10
2025-W34,Bakery,10426.1,1663.9,33284.95,2852.94,19.4,10
2025-W34,Beverages,9164.6,801.0,27788.6,1267.32,19.0,10
2025-W34,Dairy,15469.5,2335.4,44130.91,3762.71,19.3,10
2025-W34,Deli,5745.4,925.5,24212.97,2113.55,19.1,10
2025-W34,Frozen,6858.3,48.9,27909.15,116.9,19.4,10
2025-W34,Fruits,25480.7,3653.9,75504.75,6203.42,19.4,10
2025-W34,Meat,15244.4,2351.5,99134.9,8302.09,19.2,10
2025-W34,Pantry,20253.5,257.4,47967.55,362.84,19.3,10
2025-W34,Seafood,4838.5,523.9,32686.3,2436.4,19.1,10
2025-W34,Snacks,6728.4,49.6,22706.25,97.05,19.4,10
2025-W34,Vegetables,32097.9,5113.9,64355.49,5242.12,19.5,10
2025-W35,Baby,567.7,4.9,4930.0,27.3,19.3,10
2025-W35,Bakery,9578.1,1428.8,30338.87,2478.75,18.5,10
2025-W35,Beverages,8899.9,687.2,26998.7,1106.46,18.4,10
2025-W35,Dairy,16117.5,2556.9,46156.74,3953.91,18.6,10
2025-W35,Deli,5457.9,862.7,23845.66,2023.55,18.6,10
2025-W35,Frozen,6048.7,40.8,24661.3,97.1,18.5,10
2025-W35,Fruits,25064.0,3611.3,71333.24,6001.93,18.4,10
2025-W35,Meat,15690.4,2591.8,101929.8,9174.65,18.7,10
2025-W35,Pantry,19520.2,245.2,45565.68,351.29,18.5,10
2025-W35,Seafood,4054.4,436.1,28613.2,2093.55,18.7,10
2025-W35,Snacks,6332.9,46.3,21024.55,87.5,18.6,10
2025-W35,Vegetables,32647.7,5075.7,64891.89,5214.21,18.3,10
2025-W36,Baby,688.8,4.4,5908.55,24.45,18.1,10
2025-W36,Bakery,9070.9,1332.8,29822.64,2444.41,17.4,10
2025-W36,Beverages,8349.6,747.4,26335.7,1204.28,17.3,10
2025-W36,Dairy,14621.8,2195.1,42015.59,3494.65,17.7,10
2025-W36,Deli,6168.5,928.1,26643.25,2170.65,17.7,10
2025-W36,Frozen,5920.4,45.4,23446.45,104.8,17.5,10
2025-W36,Fruits,25361.7,3976.0,72799.06,6562.43,17.5,10
2025-W36,Meat,14967.2,2372.6,94134.15,8051.6,17.6,10
2025-W36,Pantry,20956.1,261.3,50139.76,369.52,17.3,10
2025-W36,Seafood,3788.6,435.1,25746.45,2030.5,18.0,10
2025-W36,Snacks,6429.8,50.2,21247.45,96.85,17.2,10
2025-W36,Vegetables,33989.9,5150.2,68910.26,5416.11,17.5,10
2025-W37,Baby,570.8,3.5,5632.15,23.1,15.8,10
2025-W37,Bakery,9212.9,1420.7,30640.47,2616.24,15.7,10
2025-W37,Beverages,8923.8,761.5,26502.65,1212.29,15.9,10
2025-W37,Dairy,16287.7,2377.9,46912.22,3635.56,15.9,10
2025-W37,Deli,5393.0,813.7,23434.3,1813.35,15.7,10
2025-W37,Frozen,6202.4,43.6,24976.75,100.75,16.0,10
2025-W37,Fruits,24345.3,3650.5,71871.05,6171.26,15.9,10
2025-W37,Meat,15246.8,2421.4,96780.4,8369.35,16.2,10
2025-W37,Pantry,21213.3,265.0,49357.44,369.02,15.8,10
2025-W37,Seafood,4116.5,410.0,27200.9,1907.55,16.0,10
2025-W37,Snacks,7140.9,58.6,23355.4,109.05,15.9,10
2025-W37,Vegetables,37207.4,5611.9,74112.05,5784.32,15.8,10
2025-W38,Baby,601.1,4.8,5246.0,17.7,14.0,10
2025-W38,Bakery,12236.5,1821.0,37938.22,3043.33,13.7,10
2025-W38,Beverages,8140.4,599.9,25198.7,939.86,13.8,10
2025-W38,Dairy,19105.0,2624.2,52874.24,3979.92,13.8,10
2025-W38,Deli,6331.0,1022.2,26459.24,2346.6,13.7,10
2025-W38,Frozen,5477.8,38.0,22109.95,93.6,14.4,10
2025-W38,Fruits,21600.3,3191.5,64106.17,5422.59,14.0,10
2025-W38,Meat,15550.1,2351.1,99151.0,8203.38,14.0,10
2025-W38,Pantry,21451.6,278.6,50529.12,384.36,13.8,10
2025-W38,Seafood,4662.8,504.0,31748.55,2436.95,13.8,10
2025-W38,Snacks,6105.4,44.6,19999.85,85.8,13.9,10
2025-W38,Vegetables,33428.0,5281.0,68122.02,5482.6,13.9,10
2025-W39,Baby,672.8,5.0,5349.3,21.15,13.3,10
2025-W39,Bakery,9901.5,1566.0,32060.49,2672.74,13.2,10
2025-W39,Beverages,7323.3,668.5,22661.65,1052.18,13.6,10
2025-W39,Dairy,17250.5,2821.6,46987.04,4270.5,13.3,10
2025-W39,Deli,6272.2,915.0,26387.51,2093.45,13.5,10
2025-W39,Frozen,6208.3,46.8,24652.2,111.1,13.6,10
2025-W39,Fruits,21161.2,3239.1,63435.89,5434.02,13.6,10
2025-W39,Meat,13230.6,2106.7,83019.2,7211.32,13.4,10
2025-W39,Pantry,20313.9,268.1,47821.34,381.27,13.3,10
2025-W39,Seafood,4197.9,409.6,27151.6,1922.1,13.6,10
2025-W39,Snacks,6567.9,46.9,21742.4,86.6,13.2,10
2025-W39,Vegetables,32060.1,4850.8,64784.55,5095.03,13.6,10
2025-W40,Baby,603.6,3.6,4945.35,20.1,12.4,10
2025-W40,Bakery,11055.1,1717.6,34842.06,2875.26,12.0,10
2025-W40,Beverages,7917.3,705.4,22765.95,1126.94,11.9,10
2025-W40,Dairy,18346.0,2807.1,52137.84,4324.84,12.4,10
2025-W40,Deli,5785.8,878.1,24536.29,1978.35,12.6,10
2025-W40,Frozen,5069.7,42.7,21033.75,105.6,12.2,10
2025-W40,Fruits,22265.4,3544.6,65827.84,5863.75,12.3,10
2025-W40,Meat,14238.1,2273.8,90176.55,7778.24,12.1,10
2025-W40,Pantry,21364.7,280.9,50572.35,396.79,12.3,10
2025-W40,Seafood,4120.0,403.4,27069.3,1865.1,12.3,10
2025-W40,Snacks,5965.2,46.6,19598.55,85.5,12.3,10
2025-W40,Vegetables,32224.2,4835.8,65904.52,5097.81,12.1,10
2025-W41,Baby,603.7,3.3,6407.25,21.75,9.9,10
2025-W41,Bakery,10703.7,1511.5,35091.06,2780.03,10.0,10
2025-W41,Beverages,7137.8,541.2,22534.0,863.97,10.0,10
2025-W41,Dairy,18770.4,2851.9,52182.32,4516.93,9.8,10
2025-W41,Deli,5762.5,812.9,25545.93,1986.65,10.1,10
2025-W41,Frozen,5648.3,40.7,22144.0,94.1,9.8,10
2025-W41,Fruits,20493.3,3280.2,60248.62,5487.42,9.8,10
2025-W41,Meat,15080.1,2362.5,96020.3,8127.98,9.8,10
2025-W41,Pantry,25206.2,330.1,59886.29,472.02,9.7,10
2025-W41,Seafood,4442.4,424.3,30140.05,1992.4,9.6,10
2025-W41,Snacks,6095.7,45.7,20052.8,85.15,9.4,10
2025-W41,Vegetables,35363.3,5380.6,72999.26,5858.68,9.8,10
2025-W42,Baby,653.1,5.4,5775.9,28.05,9.2,10
2025-W42,Bakery,10613.1,1583.9,35319.76,2943.97,9.8,10
2025-W42,Beverages,6506.6,563.0,17834.25,931.4,9.5,10
2025-W42,Dairy,19422.7,2769.1,55278.26,4471.07,9.9,10
2025-W42,Deli,6021.1,894.0,25117.83,2033.25,9.7,10
2025-W42,Frozen,5191.8,39.9,20108.65,92.8,10.2,10
2025-W42,Fruits,18911.5,2813.7,54922.55,4665.98,9.8,10
2025-W42,Meat,13714.8,2131.8,85842.35,7253.7,9.6,10
2025-W42,Pantry,24811.3,310.2,57644.8,424.93,9.8,10
2025-W42,Seafood,4237.2,428.4,27537.35,1923.1,10.3,10
2025-W42,Snacks,6463.4,47.2,21061.8,85.85,9.6,10
2025-W42,Vegetables,30842.2,4510.5,62696.58,4889.88,9.8,10
2025-W43,Baby,618.5,4.5,5895.55,29.85,6.5,10
2025-W43,Bakery,11659.1,1830.3,37273.87,3245.33,6.9,10
2025-W43,Beverages,6152.2,554.5,18239.8,867.96,7.6,10
2025-W43,Dairy,19717.7,3256.2,55828.38,4975.98,7.1,10
2025-W43,Deli,5511.0,831.1,23789.89,1961.95,7.3,10
2025-W43,Frozen,4289.4,35.7,17696.85,84.85,7.6,10
2025-W43,Fruits,19555.4,3026.2,56330.69,4881.25,7.2,10
2025-W43,Meat,12991.7,1932.0,80837.6,6661.77,7.4,10
2025-W43,Pantry,24182.7,334.3,57213.63,473.24,7.4,10
2025-W43,Seafood,3761.3,424.1,26062.5,1962.05,7.7,10
2025-W43,Snacks,5639.1,41.9,18628.65,79.8,7.8,10
2025-W43,Vegetables,31038.2,4683.5,62969.3,4893.92,7.2,10
2025-W44,Baby,558.5,3.6,4091.7,15.9,6.2,9
2025-W44,Bakery,13352.3,1863.0,42757.59,3230.61,7.5,10
2025-W44,Beverages,6685.9,524.3,18881.7,824.04,7.4,10
2025-W44,Dairy,22102.2,3306.9,59764.04,5029.35,7.5,10
2025-W44,Deli,5367.3,719.6,23317.93,1685.15,7.5,10
2025-W44,Frozen,4841.1,33.8,19307.65,78.55,7.6,10
2025-W44,Fruits,17367.3,2759.8,49428.67,4508.64,7.8,10
2025-W44,Meat,15687.7,2268.5,97704.55,7715.7,7.5,10
2025-W44,Pantry,24809.2,296.7,57861.18,408.22,7.1,10
2025-W44,Seafood,4406.3,478.5,29615.9,2241.65,7.2,10
2025-W44,Snacks,6127.4,42.0,20403.75,78.55,7.2,10
2025-W44,Vegetables,34494.0,5501.5,69372.67,5534.14,7.6,10
2025-W45,Baby,615.9,3.6,4835.05,19.05,6.9,10
2025-W45,Bakery,13985.5,2034.2,44044.78,3491.67,6.1,10
2025-W45,Beverages,7181.1,617.1,20772.3,995.94,6.1,10
2025-W45,Dairy,21487.8,3333.5,59591.28,5050.86,6.2,10
2025-W45,Deli,6164.4,967.8,25801.24,2175.05,6.4,10
2025-W45,Frozen,3908.6,31.4,15680.75,74.4,6.0,10
2025-W45,Fruits,18915.5,2999.3,56339.82,5158.61,6.3,10
2025-W45,Meat,14269.5,2172.4,90228.15,7677.14,6.3,10
2025-W45,Pantry,26443.9,336.2,61363.97,460.21,6.3,10
2025-W45,Seafood,4151.3,464.5,28693.1,2177.85,6.3,10
2025-W45,Snacks,6292.7,47.9,20783.5,87.55,6.5,10
2025-W45,Vegetables,35378.6,5643.5,71326.34,5834.73,6.2,10
2025-W46,Baby,631.6,5.9,6153.05,36.15,4.5,10
2025-W46,Bakery,12016.0,1865.3,37204.01,3108.62,5.3,10
2025-W46,Beverages,6559.1,582.2,19578.1,934.69,4.9,10
2025-W46,Dairy,18610.4,2931.5,53250.11,4696.09,5.0,10
2025-W46,Deli,5879.1,906.8,24744.36,2020.75,5.0,10
2025-W46,Frozen,4579.8,33.2,18636.05,76.8,4.6,10
2025-W46,Fruits,16056.9,2551.4,47178.49,4220.11,4.6,10
2025-W46,Meat,12558.0,1806.5,80952.5,6202.67,4.6,10
2025-W46,Pantry,25285.6,307.1,58532.61,434.12,4.9,10
2025-W46,Seafood,4009.0,411.5,26705.8,1880.9,5.2,10
2025-W46,Snacks,5709.9,40.9,18532.05,75.95,4.9,10
2025-W46,Vegetables,31519.0,4755.9,64418.93,5041.25,5.2,10
2025-W47,Baby,503.2,4.1,5556.15,33.45,2.5,10
2025-W47,Bakery,12554.8,1889.2,41741.6,3487.39,3.6,10
2025-W47,Beverages,5678.9,442.3,15989.35,674.54,3.7,10
2025-W47,Dairy,23979.5,3436.4,68628.16,5463.79,3.3,10
2025-W47,Deli,5582.2,861.7,23985.04,1991.6,3.6,10
2025-W47,Frozen,4211.5,28.6,16385.35,65.35,4.1,10
2025-W47,Fruits,16640.1,2483.0,46961.3,4095.29,3.4,10
2025-W47,Meat,11468.0,1819.2,73273.0,6430.97,3.3,10
2025-W47,Pantry,25732.8,313.5,60994.63,455.27,3.7,10
2025-W47,Seafood,3948.1,445.8,25766.05,2048.75,3.4,10
2025-W47,Snacks,6268.6,49.6,20462.65,91.3,3.3,10
2025-W47,Vegetables,30978.1,4588.3,62715.62,4780.12,3.5,10
2025-W48,Baby,685.6,5.7,5740.9,23.25,4.1,10
2025-W48,Bakery,16136.5,2439.4,49263.06,4146.57,3.6,10
2025-W48,Beverages,6422.1,533.5,19949.95,859.18,4.3,10
2025-W48,Dairy,24879.2,3736.4,69537.97,5843.44,3.6,10
2025-W48,Deli,6101.3,978.8,26203.87,2232.4,3.7,10
2025-W48,Frozen,4814.8,35.3,19349.0,82.65,3.9,10
2025-W48,Fruits,18393.4,2636.3,54726.16,4406.69,3.5,10
2025-W48,Meat,15099.8,2351.0,97596.65,8261.45,4.0,10
2025-W48,Pantry,28893.4,358.1,67311.18,495.16,3.8,10
2025-W48,Seafood,4620.9,483.7,31580.95,2312.65,3.7,10
2025-W48,Snacks,6460.5,49.0,21755.85,94.8,3.7,10
2025-W48,Vegetables,39849.6,5727.1,80089.44,5899.1,3.9,10
2025-W49,Baby,684.7,5.1,5799.1,27.6,4.9,10
2025-W49,Bakery,12208.7,1799.5,39042.03,3016.32,5.2,10
2025-W49,Beverages,5514.8,449.7,16795.7,719.91,4.7,10
2025-W49,Dairy,20850.5,3398.3,57651.25,5109.16,5.1,10
2025-W49,Deli,6411.9,1054.4,27336.75,2449.9,5.0,10
2025-W49,Frozen,4108.7,29.9,16719.2,70.45,4.7,10
2025-W49,Fruits,16485.2,2599.5,47914.54,4209.84,4.8,10
2025-W49,Meat,12283.5,1936.3,77770.1,6654.53,4.8,10
2025-W49,Pantry,26000.0,291.5,60372.7,400.05,4.8,10
2025-W49,Seafood,4393.7,429.2,29552.15,2029.25,4.5,10
2025-W49,Snacks,6204.5,46.9,20989.45,89.8,4.3,10
2025-W49,Vegetables,34615.3,4971.9,70867.35,5241.62,4.6,10
2025-W50,Baby,654.3,4.5,4793.1,23.55,4.6,10
2025-W50,Bakery,12643.0,1934.7,39700.85,3309.1,4.6,10
2025-W50,Beverages,6020.1,558.9,17791.3,888.5,4.2,10
2025-W50,Dairy,20550.3,3161.2,57780.19,4947.16,3.6,10
2025-W50,Deli,5102.9,785.4,21150.53,1741.6,3.5,10
2025-W50,Frozen,3816.9,26.7,15582.9,62.65,4.2,10
2025-W50,Fruits,14833.4,2238.8,45209.64,3960.94,3.8,10
2025-W50,Meat,10366.9,1580.0,66467.75,5587.11,3.8,10
2025-W50,Pantry,24884.1,319.6,59566.39,449.24,3.9,10
2025-W50,Seafood,4316.0,448.1,29163.5,2051.1,3.6,10
2025-W50,Snacks,6007.7,42.6,19764.75,78.85,3.0,10
2025-W50,Vegetables,30455.9,4491.1,62988.76,4727.02,3.8,10
2025-W51,Baby,731.1,5.4,4813.05,22.8,3.3,10
2025-W51,Bakery,13499.7,2226.4,42478.96,3758.27,3.5,10
2025-W51,Beverages,5855.6,499.7,18341.6,802.07,3.1,10
2025-W51,Dairy,21679.1,3299.8,61446.22,5179.15,3.4,10
2025-W51,Deli,5809.7,879.2,24942.29,1993.9,3.2,10
2025-W51,Frozen,4531.8,34.4,17717.9,79.9,2.6,10
2025-W51,Fruits,15643.1,2238.5,45063.63,3675.03,3.0,10
2025-W51,Meat,10875.7,1759.1,70578.7,6192.25,3.1,10
2025-W51,Pantry,26363.6,350.1,61375.88,489.55,2.7,10
2025-W51,Seafood,4006.9,412.7,25346.35,1929.5,2.5,10
2025-W51,Snacks,6887.9,52.4,22545.8,97.4,3.4,10
2025-W51,Vegetables,33103.0,5141.3,67642.2,5283.37,3.1,10
2025-W52,Baby,614.1,5.5,4698.8,21.9,3.1,10
2025-W52,Bakery,12705.0,1874.5,41149.34,3465.01,2.6,10
2025-W52,Beverages,6401.8,636.2,18878.95,1020.89,2.9,10
2025-W52,Dairy,26048.3,3662.1,72258.7,5663.74,2.4,10
2025-W52,Deli,5395.2,791.5,23072.46,1829.35,2.5,10
2025-W52,Frozen,4218.2,30.7,17199.8,74.65,3.0,10
2025-W52,Fruits,18882.7,3019.8,54620.75,4931.08,2.9,10
2025-W52,Meat,13056.7,2154.3,83387.8,7602.81,2.8,10
2025-W52,Pantry,27867.3,347.2,64723.48,493.49,2.4,10
2025-W52,Seafood,4493.6,494.2,31002.65,2275.3,3.1,10
2025-W52,Snacks,7206.4,57.1,23181.8,107.7,2.6,10
2025-W52,Vegetables,34948.8,5465.1,71063.66,5696.51,2.7,10
2025-W53,Baby,92.8,0.6,360.65,0.9,4.7,6
2025-W53,Bakery,1693.1,270.5,5709.06,517.89,5.7,10
2025-W53,Beverages,760.0,63.0,1908.05,97.99,9.1,10
2025-W53,Dairy,2100.1,390.2,5896.0,542.11,7.0,10
2025-W53,Deli,731.8,109.4,3243.52,224.15,7.5,10
2025-W53,Frozen,534.8,3.1,2229.55,8.2,6.8,9
2025-W53,Fruits,2042.3,288.0,6025.44,538.59,7.0,10
2025-W53,Meat,1049.1,182.3,6326.85,633.49,6.6,10
2025-W53,Pantry,3636.0,36.9,8955.0,54.39,6.2,10
2025-W53,Seafood,640.6,94.4,4509.8,430.7,7.3,10
2025-W53,Snacks,674.3,4.1,2215.55,7.4,8.8,9
2025-W53,Vegetables,3964.7,542.7,8574.37,608.42,7.8,10
